I. Key figures of electronic communications operators ;;I. Chiffres clés de l'activité des opérateurs de communications électroniques;;;;;;;;;;;;;;;;;;;;;;;;;;;;
;;;;;;;;;;;;;;;;;;;;;;;;;;;;;;
;;;;1998;1999;2000;2001;2002;2003;2004;2005;2006;2007;2008;2009;2010;2011;2012;2013;2014;2015;2016;2017;;Evolution annuelle;;;;;
Employment (former regulatory framework);Units;Emplois (champ : ancien cadre réglementaire);Unités;155 992;155 297;154 522;151 191;145 487;138 716;136 547;134 066;;;;;;;;;;;;;; ;;;;;
Employment;Units;Emplois directs;Unités;;;;;;;142 137;140 410;133 114;129 894;126 298;124 232;126 557;129 459;129 692;125 681;122 311;118 470;115 524;112 573;;-2,6%;;SA9;;106;
;;dont cadres;;;;;;;;52 670;53 946;53 223;54 752;55 087;54 203;57 271;59 795;61 220;61 375;61 522;61 192;61 564;62 572;;1,6%;;SA10;;107;
;;dont non cadres;;;;;;;;89 489;86 513;79 968;75 309;71 211;70 029;69 286;69 664;68 472;64 306;60 789;57 278;53 960;50 001;;-7,3%;;SA11;;108;
Source ARCEP - 1998 to 2014 annual surveys. 2015 quarterly surveys.;;Source ARCEP - Enquêtes annuelles 1998 à 2017.;;;;;;;;;;;;;;;;;;;;;;;;;;;;
;;;;;;;;;;;;;;;;;;;;;;;;;;;;;;
Investment during the year (former regulatory framework);Millions of € ;Investissements (champ : ancien cadre réglementaire);Millions d'€;5 538;5 909;7 832;9 182;5 699;5 437;5 343;6 037;;;;;;;;;;;;;;13,0%;;;;;
Investment during the year (*);Millions of € ;Investissements au cours de l'exercice*;Millions d'€;;;;;;;5 493;6 342;7 015;6 140;6 529;5 899;7 338;8 230;10 034;7 251;7 042;10 630;8 893;9 564;;7,5%;;SA60;;72;
of which investment (amounts paid for mobile telephony licences excluded);Millions of € ;dont investissements hors licences;Millions d'€;;;;;;;5 493;6 342;7 015;6 140;6 529;5 899;6 414;7 294;7 395;7 251;7 042;7 831;8 893;9 564;;7,5%;;;;80;
;;;;;;;;;;;;;;;;;;;;;;;;;;;;;;
;;Investissements dans les boucles locales très haut débit;Millions d'€;;;;;;;;;;;;;;;1 466;797;944;2 401;3 007;3 666;;21,9%;;SA37+38;;;
;;dont très haut débit fixe;Millions d'€;;;;;;;;;;;;;;;744;797;944;1 161;1 546;1 848;;19,6%;;p94;;;
;;dont très haut débit mobile (3G/4G);Millions d'€;;;;;;;;;;;;;;;723;0;0;1 240;1 461;1 818;;24,4%;;SA37+38;;;
;;         dont investissement dans les boucles locales 4G;Millions d'€;;;;; ; ; ; ; ; ; ; ; ; ; ; ; ;889;1 223;1 598;;30,7%;;;;;
Source ARCEP - 1998 to 2014 annual surveys. (*) This indicator includes amounts paid for the purchase of the mobile telephony licenses.;; (*) Cet indicateur intègre les montants payés pour l'achat des licences mobiles. ;;;;;;;;;;;;;;;;;;;;;;;;;;;;
;;;;;;;;;;;;;;;;;;;;;;;;;;;;;;
II. Retail market of electronic communications ;;II. Marché de détail des communications électroniques;;;;;;;;;;;;;;;;;;;;;;;;;;;;
;;;;;;;;;;;;;;;;;;;;;;;;;;;;;;
Revenue received from the customers;;Revenus perçus auprès du client final;;1998;1999;2000;2001;2002;2003;2004;2005;2006;2007;2008;2009;2010;2011;2012;2013;2014;2015;2016;2017;;Evolution annuelle;;;;;
Fixed services (capacity services included);Millions of €  ;Services fixes (y compris services de capacité);Millions d'€ HT;17 487;18 059;19 217;19 969;20 234;20 483;19 719;18 764;17 898;18 462;18 845;19 062;18 992;18 411;18 280;17 813;17 609;17 323;17 276;17 229;;-0,3%;;p5;;5;
Mobile services (MtoM included);Millions of €  ;Services mobiles (y compris les recettes MtoM);Millions d'€ HT;4 042;5 658;7 918;9 929;11 788;13 243;14 868;16 203;16 771;17 569;18 669;18 911;19 458;18 957;17 512;15 622;14 709;14 242;14 153;14 117;;-0,3%;;p6;;6;
Advanced services and directory services;Millions of €  ;Services à valeur ajoutée (y compris renseignements téléphoniques);Millions d'€ HT;1 486;1 808;2 046;2 054;2 074;2 139;2 359;2 554;2 615;2 687;2 471;2 250;2 068;2 104;2 005;1 744;1 521;1 382;1 214;1 151;;-5,1%;;p7;;7;
Electronic communications services total revenue;Millions of €  ;Total revenus des services de communications électroniques;Millions d'€ HT;23 014;25 526;29 181;31 952;34 095;35 866;36 946;37 522;37 284;38 718;39 985;40 223;40 517;39 473;37 796;35 179;33 839;32 948;32 643;32 498;;-0,4%;;p10;;10;
Others Revenue;Millions of €  ;Revenus annexes;Millions d'€ HT;1 670;1 792;1 896;2 213;1 875;2 137;2 416;3 020;2 928;3 255;3 632;2 716;2 927;3 008;3 126;3 062;3 182;3 575;3 645;3 754;;3,0%;;p11;;11;
Entire retail market revenue;Millions of €  ;Total des revenus des opérateurs sur le marché final ;Millions d'€ HT;24 685;27 317;31 077;34 165;35 970;38 003;39 362;40 542;40 212;41 973;43 617;42 939;43 444;42 480;40 922;38 241;37 021;36 523;36 288;36 252;;-0,1%;;p12;;12;
;;Internet: estimation ARCEP,Observatoire des marchés pour les données de 1998 à 2003;;;;;;;;;;;;;;;;;;;;; 3 754   ;;;;;;;
;;Transport de données: estimation ARCEP pour 1998 et 1999, source enquête de branche ARCEP/INSEE sur les communications électroniques pour les données 2000 à 2003;;;;;;;;;;;;;;;;;;;;; 36 252   ;;;;;;;
;;;;;;;;;;;;;;;;;;;;;;;;;;;;;;
Traffic sent by customers;;Volumes émis par les clients finals;;1998;1999;2000;2001;2002;2003;2004;2005;2006;2007;2008;2009;2010;2011;2012;2013;2014;2015;2016;2017;;Evolution annuelle;;;;;
Total fixed telephony ;Millions of minutes;Téléphonie fixe;Millions de minutes;124 899;124 029;121 950;118 480;112 456;108 931;105 100;106 176;105 716;106 049;109 672;111 012;112 227;111 075;113 001;101 742;90 485;83 049;75 160;65 838;;-12,4%;;p45;;45;
Total mobile telephony;Millions of minutes;Téléphonie mobile;Millions de minutes;9 968;20 571;35 640;44 457;51 844;63 469;74 248;81 711;94 026;99 525;101 779;100 836;102 953;105 527;119 615;137 305;147 103;154 272;161 682;164 762;;1,9%;;p46;;46;
Total traffic on fixed and mobile networks;Millions of minutes;Total des volumes émis sur les réseaux mobiles et fixe;Millions de minutes;134 867;144 600;157 590;162 937;164 300;172 400;179 348;187 886;199 742;205 575;211 451;211 848;215 180;216 602;232 616;239 047;237 588;237 321;236 842;230 601;;-2,6%;;p47;;47;
;;;;;;;;;;;;;;;;;;;;;;;;;;;;;;
Number of interpersonnal SMS sent;Millions of units;Nombre de SMS émis;Millions d'unités;;;1 471;3 508;5 523;8 188;10 335;12 597;15 050;19 236;34 653;63 015;102 776;146 389;182 953;193 164;196 561;202 554;200 951;184 435;;-8,2%;;p49;;49;
Traffics of data consumed on mobile networks;Teraoctets;Volume de données mobiles consommées ;Téraoctets;;;;;;;;;;;2 930;13 267;30 331;55 805;94 999;155 278;304 471;557 561;1 056 887;2 309 551;;118,5%;;p50;;50;
;;;;;;;;;;;;;;;;;;;;;;;;;;;;;;
Subscriptions;;Abonnements;;1998;1999;2000;2001;2002;2003;2004;2005;2006;2007;2008;2009;2010;2011;2012;2013;2014;2015;2016;2017;;Evolution annuelle;;;;;
Number of subscriptions to fixed telephony service;Millions of units;Abonnements à un service de téléphonie fixe;Millions d'unités;33,857;33,888;34,013;34,083;34,122;33,908;34,541;36,498;38,249;39,643;40,816;41,094;40,744;40,630;39,846;39,539;39,383;39,185;39,048;38,727;;-0,8%;;p62;;55;
Internet subscriptions (low, high and very high speed networks);Millions of units;Abonnements à Internet (bas, haut et très haut débit);Millions d'unités;1,280;3,030;5,459;6,987;9,124;10,617;11,939;13,217;15,267;17,249;18,793;20,490;21,841;23,051;24,208;25,105;26,088;26,957;27,711;28,408;;2,5%;;p63;;56;
Total number of SIM cards (MtoM cards excluded);Millions of units;Nombre de cartes SIM mobiles en service (hors cartes MtoM);Millions d'unités; 11,210   ; 20,620   ; 29,645   ; 36,854   ; 38,593   ; 41,702   ; 44,544   ; 48,088   ;51,663;54,850;57,094;59,968;62,403;65,212;68,451;69,909;71,675;72,104;72,965;74,589;;2,2%;;p64;;57;
Total number of SIM cards (MtoM cards included);Millions of units;Nombre de cartes SIM mobiles en service (y compris cartes MtoM);Millions d'unités; 11,210   ; 20,620   ; 29,645   ; 36,854   ; 38,593   ; 41,702   ; 44,544   ; 48,088   ; 51,663   ; 55,337   ;57,994;61,536;65,029;68,572;73,115;76,800;79,932;82,666;84,702;89,488;;5,7%;;p64+p990;;57+938;
;;;;;;;;;;;;;;;;;;;;;;;;;;;;;;
III. Indicators of networks;;III. Indicateurs physiques;;;;;;;;;;;;;;;;;;;;;;;;;;;;
;;;;;;;;;;;;;;;;;;;;;;;;;;;;;;
Fixed services;;Services fixes;;;;;;;;;;;;;;;;;;;;;;;;;;;;
;;;;;;;;;;;;;;;;;;;;;;;;;;;;;;
Number of fixed lines;Millions of units;Nombre de lignes supportant le service téléphonique fixe;Millions d'unités;33,857;33,888;34,013;34,083;34,122;33,908;33,710;33,717;34,125;34,527;35,040;35,580;35,633;36,330;36,262;36,404;36,689;36,817;36,860;36,898;;0,1%;;p137;;130;
;;;;;;;;;;;;;;;;;;;;;;;;;;;;;;
Subscription on narrow band access;Millions of units;"Abonnements sur des lignes bas débit 
(lignes analogiques, numériques ou par le câble)";Millions d'unités;33,857;33,888;34,013;34,083;34,122;33,908;33,610;33,106;31,598;28,738;26,346;23,995;21,649;19,512;17,374;15,587;14,054;12,686;11,483;10,341;;-9,9%;;p220;;200;
of which access resales;Millions of units;dont abonnement issus de la VGAST;Millions d'unités;;;;;;;;;;0,703;0,946;1,116;1,298;1,667;1,790;1,635;1,637;1,580;1,499;1,400;;-6,5%;;p221;;201;
Subscription on broadband access;Millions of units;Abonnements à la voix sur large bande;Millions d'unités;;;;;;;0,931;3,392;6,651;10,905;14,470;17,099;19,095;21,118;22,473;23,952;25,329;26,499;27,565;28,386;;3,0%;;p222;;202;
of which DSL lines without narrowband access;Millions of units;dont sur lignes xDSL sans abonnement RTC;Millions d'unités;;;;;;;0,101;0,601;2,379;5,483;8,120;10,702;13,012;15,481;17,305;18,771;20,110;20,760;21,109;21,138;;0,1%;;p224;;204;
Number of subscriptions to fixed telephony service;Millions of units;Abonnements au service téléphonique sur réseaux fixes;Millions d'unités;33,857;33,888;34,013;34,083;34,122;33,908;34,541;36,498;38,249;39,643;40,816;41,094;40,744;40,630;39,846;39,539;39,383;39,185;39,048;38,727;;-0,8%;;p226;;206;
;;;;;;;;;;;;;;;;;;;;;;;;;;;;;;
;;;;1998;1999;2000;2001;2002;2003;2004;2005;2006;2007;2008;2009;2010;2011;2012;2013;2014;2015;2016;2017;;Evolution annuelle;;;;;
Number of call-by-call carrier selection;Millions of units;Abonnements à la sélection appel par appel;Millions d'unités;;;2,860;3,167;2,722;2,991;2,513;2,533;1,471;1,042;0,646;0,373;0,217;0,148;0,108;0,110;0,082;0,065;;;;;;;; -;
Number of carrier pre-selection;Millions of units;Abonnements à la présélection;Millions d'unités;;;1,499;2,771;3,698;4,523;5,163;5,687;5,423;3,907;2,682;2,428;1,934;1,656;1,091;1,158;1,019;0,866;;;;;;;; -;
Number of indirect connections ;Millions of units;Abonnements à la sélection du transporteur;Millions d'unités;;;4,359;5,938;6,420;7,514;7,676;8,220;6,893;4,949;3,328;2,800;2,152;1,804;1,199;1,268;1,101;0,931;0,773;0,591;;-23,5%;;p238;;218;
Source ARCEP - 1998 to 2014 annual surveys. 2015 quarterly surveys.;; ;;;;;;;;;;;;;;;;;;;;;;;;;;;;
;;;;1998;1999;2000;2001;2002;2003;2004;2005;2006;2007;2008;2009;2010;2011;2012;2013;2014;2015;2016;2017;;Evolution annuelle;;;;;
;;Nombre d'accès à la TV couplés à l'accès internet ;Millions d'unités;;;;;;;0,145;1,318;2,593;4,538;7,220;9,973;12,117;13,576;15,322;16,602;17,781;18,600;19,370;20,137;;4,0%;;p182;;175;
;;dont nombre d'accès à la TV par xDSL;Millions d'unités;;;;;;;0,145;1,318;2,593;4,535;6,202;8,831;9,683;10,799;12,032;12,808;13,554;13,803;14,242;14,263;;0,1%;;p183;;176;
;;dont nombre d'accès à la TV via le Ftth, le câble, le satellite;Millions d'unités;;;;;;;;;;0,003;1,018;1,142;2,434;2,945;3,290;3,795;4,228;4,797;5,128;5,874;;14,6%;;p183;;176;
;;;;;;;;;;;;;;;;;;;;;;;;;;;;;;
Portability (fixed numbers);;;;1998;1999;2000;2001;2002;2003;2004;2005;2006;2007;2008;2009;2010;2011;2012;2013;2014;2015;2016;2017;;Evolution annuelle;;;;;
Number of fixed numbers ported during the year;Millions of units;Nombre de numéros fixes conservés au cours de l'année;Millions d'unités;;;;;;;;0,662;1,886;2,525;2,821;2,921;2,481;2,505;2,514;2,620;2,538;2,192;2,561;2,404;;-6,1%;;p149;;142;
;;;;;;;;;;;;;;;;;;;;;;;;;;;;;;
;;Communications au départ des postes fixes;;1998;1999;2000;2001;2002;2003;2004;2005;2006;2007;2008;2009;2010;2011;2012;2013;2014;2015;2016;2017;;Evolution annuelle;;;;;
National calls;Millions of minutes;Communications nationales;Millions de minutes;111 719;109 139;104 838;100 624;94 143;89 536;86 149;86 838;85 633;85 286; 88 252   ; 89 535   ; 90 167   ; 82 536   ; 79 247   ; 70 558   ; 61 646   ; 56 104   ; 50 315   ; 43 732   ;;-13,1%;;p266;;246;
International calls;Millions of minutes;Communications internationales;Millions de minutes;3 764;4 057;4 454;4 610;4 808;4 907;4 281;4 116;4 910;6 550;7 997;8 649;9 637;11 022; 11 447   ; 11 213   ; 10 116   ; 9 381   ; 8 315   ; 6 514   ;;-21,7%;;p267;;247;
Calls to mobiles;Millions of minutes;Communications vers mobiles ;Millions de minutes;3 811;5 600;7 649;9 384;10 498;11 365;11 638;12 227;12 375;11 983;11 724;11 270;10 872;16 539; 21 921   ; 19 930   ; 18 457   ; 17 563   ; 16 530   ; 15 593   ;;-5,7%;;p268;;248;
All calls from fixed lines (traffics public payphones and cards excluded);Millions of minutes;Ensemble des volumes de téléphonie fixe au départ des postes fixes (hors la publiphonie et les cartes);Millions de minutes;119 294;118 796;116 942;114 617;109 449;105 807;102 067;103 181;102 918;103 819;107 973;109 454;110 677;110 098;112 614;101 700;90 218;83 049;75 160;65 838;;-12,4%;;p269;;249;
;;;;;;;;;;;;;;;;;;;;;;;;;;;;;;
Broadband and ultra-fast broadband;;Communications sur accès Haut et très haut débit;;1998;1999;2000;2001;2002;2003;2004;2005;2006;2007;2008;2009;2010;2011;2012;2013;2014;2015;2016;2017;;Evolution annuelle;;;;;
National calls;Millions of minutes;Communications nationales;Millions de minutes;;;;;;;1 323;7 853;16 700;28 569;40 101;47 519;54 439;54 182; 54 424   ; 49 330   ; 43 381   ; 40 679   ; 37 234   ; 32 667   ;;-12,3%;;p285;;265;
International calls;Millions of minutes;Communications internationales;Millions de minutes;;;;;;;71;254;1 211;3 183;5 146;6 101;7 706;9 428; 10 147   ; 10 122   ; 9 170   ; 8 557   ; 7 666   ; 5 987   ;;-21,9%;;p286;;266;
Calls to mobiles;Millions of minutes;Communications vers mobiles ;Millions de minutes;;;;;;;59;333;752;1 494;2 213;2 818;3 201;10 410; 16 650   ; 15 144   ; 13 945   ; 13 337   ; 12 633   ; 12 026   ;;-4,8%;;p287;;267;
All calls originating on voice-over-broadband traffics;Millions of minutes;Communications en VLB au départ des postes fixes;Millions de minutes;;;;;;;1 453;8 440;18 663;33 246;47 459;56 438;65 346;74 020;81 221;74 595;66 452;62 572;57 532;50 680;;-11,9%;;p288;;268;
;;;;;;;;;;;;;;;;;;;;;;;;;;;;;;
Narrowband;;Communications en Bas débit ;;1998;1999;2000;2001;2002;2003;2004;2005;2006;2007;2008;2009;2010;2011;2012;2013;2014;2015;2016;2017;;Evolution annuelle;;;;;
National calls;Millions of minutes;Communications nationales;Millions de minutes;111 719;109 139;104 838;100 624;94 144;89 536;84 826;78 984;68 933;56 717;48 151;42 017;35 729;28 355; 24 823   ; 21 228   ; 18 264   ; 15 426   ; 13 081   ; 11 065   ;;-15,4%;;p277;;257;
International calls;Millions of minutes;Communications internationales;Millions de minutes;3 764;4 057;4 454;4 610;4 808;4 907;4 210;3 862;3 699;3 367;2 851;2 548;1 930;1 593;1 300;1 091;946;824;649;527;;-18,8%;;p278;;258;
Calls to mobiles;Millions of minutes;Communications vers mobiles ;Millions de minutes;3 811;5 600;7 649;9 384;10 498;11 365;11 579;11 895;11 623;10 488;9 512;8 452;7 671;6 130;5 271;4 786;4 555;4 226;3 897;3 566;;-8,5%;;p279;;259;
All calls originating on PSTN/ISDN;Millions of minutes;Communications en RTC au départ des postes fixes;Millions de minutes;119 294;118 796;116 942;114 617;109 449;105 807;100 615;94 742;84 255;70 573;60 514;53 016;45 330;36 078;31 393;27 105;23 766;20 476;17 627;15 158;;-14,0%;;p280;;260;
;;;;;;;;;;;;;;;;;;;;;;;;;;;;;;
Public payphones and fixed cards ;;Publiphonie et cartes de téléphonie fixe;;1998;1999;2000;2001;2002;2003;2004;2005;2006;2007;2008;2009;2010;2011;2012;2013;2014;2015;2016;2017;;Evolution annuelle;;;;;
Public payphones and cards traffics ;Millions of minutes;Volumes des communications ;Millions de minutes;5 605;5 233;5 008;3 863;3 007;3 124;3 033;2 994;2 798;2 231;1 698;1 559;1 551;977;704;335;267;193;;;;;;;; -;
Number of public payphones at end of year;Units;Nombre de publiphones au 31 décembre ;en unités;242 872;241 721;229 620;213 993;202 418;192 275;189 298;179 770;169 788;159 799;152 075;142 648;137 311;129 391; 116 626   ;94 455;69 398;45 730;17 301;2 616;;-84,9%;;p303;;283;
;;;;;;;;;;;;;;;;;;;;;;;;;;;;;;
;;;;1998;1999;2000;2001;2002;2003;2004;2005;2006;2007;2008;2009;2010;2011;2012;2013;2014;2015;2016;2017;;Evolution annuelle;;;;;
Low-speed Internet traffics;Millions of minutes;Volumes Internet bas débit;Millions de minutes;4 976;12 617;26 841;52 446;66 831;71 779;54 687;38 233;25 915;15 708;9 792;5 458;3 611;2 203;1 172;565;318;;;;;;;;; -;
Low-speed Internet subscriptions*;Millions of units;Nombre d'abonnements* à internet bas débit ;Millions d'unités;1,28;3,03;5,263;6,385;7,469;7,048;5,377;3,746;2,557;1,496;0,982;0,651;0,483;0,312;0,225;0,155;0,114;0,089;0,032;0,000;;-100,0%;;p317;;284;
*Source : AFA until 2002;;* Source : AFA jusqu'en 2002. Chiffres des fournisseurs d'accès suivants : 9 online, AOL France, Club Internet, Free (RTC uniquement), InterPC, NC, Noos, Tiscali France, UPC France, Wanadoo. Sont comptabilisés les comptes d'accès gratuits ou facturés à l'usage.;;;;;;;;;;;;;;;;;;;;;;;;;;;;
;;;;;;;;;;;;;;;;;;;;;;;;;;;;;;
;;;;1998;1999;2000;2001;2002;2003;2004;2005;2006;2007;2008;2009;2010;2011;2012;2013;2014;2015;2016;2017;;Evolution annuelle;;;;;
Broadband (< 30 Mbit/s);Millions of units;Accès à haut débit (< 30 Mbit/s);Millions d'unités;-;-;;;;;;;;;17;19;20;21;22,368;22,881;23,041;22,657;22,231;21,441;;-3,6%;;p154;;147;
of wich xDSL (< 30 Mbit/s);Millions of units;dont nombre d'abonnements DSL haut débit (< 30 Mbit/s);Millions d'unités;;;0,068;0,408;1,368;3,172;6,103;8,902;12,032;14,974;16,793;18,584;19,863;20,985;21,979;22,465;22,569;22,146;21,705;20,904;;-3,7%;;p155;;148;
of wich other broadband access;Millions of units;dont autres abonnements à haut débit;Millions d'unités;;;;;;;;;;;0,358;0,304;0,367;0,406;0,388;0,416;0,472;0,510;0,526;0,537;;2,0%;;p156;;149;
Ultra-fast broadband;Millions of units;Accès à très haut débit (? 30 Mbit/s);Millions d'unités;;;;;;;;;;;1;1;1;1;1,616;2,069;2,933;4,211;5,448;6,967;;27,9%;;p157;;150;
;;Abonnements dont le débit est >100 Mbit/s;Millions d'unités;;;;;;;;;;;0,043;0,069;0,120;0,663;0,945;1,325;1,829;2,629;3,448;4,597;;33,3%;;p158;;;
of wich fiber to the home (FTTH);Millions of units;dont nombre d'abonnements à la fibre optique de bout en bout;Millions d'unités;;;;;;;;;;;0,043;0,069;0,120;0,197;0,324;0,561;0,937;1,443;2,164;3,255;;50,4%;;p159;;152;
of which with a flow rate superior to 100 Mbit/s;Millions of units;dont avec terminaison en câble coaxial dont le débit est ? 100 Mbit/s;Millions d'unités;;;;;;;;;;;;;;0,466;0,621;0,764;0,893;1,187;1,284;1,342;;4,5%;;p160;;153;
of which with a flow rate between 30 Mbit/s & 100 Mbit/s (*);Millions of units;Abonnements dont le débit est compris entre 30 et 100 Mbit/s (*);Millions d'unités;;;;;;;;;;;0,617;0,883;1,008;0,685;0,670;0,744;1,104;1,582;2,001;2,370;;18,4%;;p161;;154;
Broadband and ultra-fast broadband internet subscriptions;Millions of units;Abonnements Internet à haut et très haut débit;Millions d'unités;;;0;1;2;4;7;9;13;16;18;20;21;23;23,983;24,950;25,974;26,868;27,679;28,408;;2,6%;;p162;;155;
(*) including VDSL2 subscriptions with a flow rate >= 30 Mbit/s;;(*) (VDSL2 et terminaison en cable coaxial, 4G fixe);;;;;;;;;;;;;;;;;;;;;;;;;;;;
;;;;;;;;;;;;;;;;;;;;;;;;;;;;;;
;;;;1998;1999;2000;2001;2002;2003;2004;2005;2006;2007;2008;2009;2010;2011;2012;2013;2014;2015;2016;2017;;Evolution annuelle;;;;;
Retail leased lines and data networking on business market;Millions of units;Nombre d'accès de services de capacités souscrits par des entreprises;Millions d'unités;;;;;;0,254;0,365;0,629;0,523;0,613;0,618;0,626;0,603;0,613;0,580;0,588;0,579;0,582;0,587;0,576;;-1,8%;;p196;;188;
;;;;;;;;;;;;;;;;;;;;;;;;;;;;;;
;;;;;;;;;;;;;;;;;;;;;;;;;;;;;;
Mobile services;;Services mobiles;;;;;;;;;;;;;;;;;;;;;;;;;;;;
;;;;;;;;;;;;;;;;;;;;;;;;;;;;;;
;;;;1998;1999;2000;2001;2002;2003;2004;2005;2006;2007;2008;2009;2010;2011;2012;2013;2014;2015;2016;2017;;Evolution annuelle;;;;;
Contract subscribers (MtoM cards excluded);Millions of units;Abonnements et forfaits (hors MtoM);Millions d'unités;;13,261;15,838;18,832;21,485;24,553;27,420;30,528;33,561;36,309;38,359;41,163;43,777;45,654;50,210;54,244;57,158;59,538;61,587;64,328;;4,5%;;p669;;617;
of which blocked contract subscribers;Millions of units;dont forfaits bloqués;Millions d'unités;;;;;;;;;;;;10,640;11,448;10,981;9,076;6,741;5,370;;;;;;;;; -;
Prepaid cards;Millions of units;Cartes prépayées;Millions d'unités;; 7,279   ; 13,806   ; 18,022   ; 17,108   ; 17,149   ; 17,124   ; 17,561   ;18,102;19,028;18,736;18,805;18,626;19,557;18,241;15,665;14,518;12,566;11,378;10,261;;-9,8%;;p670;;618;
of which active prepaid cards ;Millions of units;dont cartes prépayées actives;Millions d'unités;;;;16,734;16,416;16,462;16,409;16,698;17,193;18,995;16,958;16,835;16,747;17,304;15,473;12,772;11,427;10,230;9,062;7,724;;-14,8%;;p671;;619;
Total number of SIM cards (MtoM cards excluded);Millions of units;Nombre de cartes SIM (hors cartes MtoM);Millions d'unités;11,210;20,620;29,645;36,854;38,593;41,702;44,544;48,088;51,663;55,337;57,094;59,968;62,403;65,212;68,451;69,909;71,675;72,104;72,965;74,589;;2,2%;;p672;;620;
Source ARCEP - 1998 to 2014 annual surveys. 2015 quarterly surveys.;;;;;;;;;;;;;;;;;;;;;;;;;;;;;;
;;;;1998;1999;2000;2001;2002;2003;2004;2005;2006;2007;2008;2009;2010;2011;2012;2013;2014;2015;2016;2017;;Evolution annuelle;;;;;
;;Nombre de cartes SIM couplées aux services fixes;Millions d'unités;;;;;;;;;;;;;;;;;15,373;17,412;19,898;19,687;;-1,1%;;p681;;;
;; ;;;;;;;;;;;;;;;;;;;;;;;;;;;;
;;;;1998;1999;2000;2001;2002;2003;2004;2005;2006;2007;2008;2009;2010;2011;2012;2013;2014;2015;2016;2017;;Evolution annuelle;;;;;
Number of dedicated internet data cards ;Millions of units;Cartes internet exclusives;Millions d'unités;Millions d'unités;Millions d'unités;Millions d'unités;Millions d'unités;Millions d'unités;Millions d'unités;Millions d'unités;Millions d'unités;Millions d'unités;0,491;0,990;2,080;2,739;3,158;3,374;3,645;3,742;3,626;3,627;3,439;;-5,2%;;p769;;717;
;Millions of units;Parc multimédia mobile;Millions d'unités;;;;;;;10,324;14,154;15,079;17,163;19,122;23,481;28,259;31,024;0,000;0,052;0,052;0,050;0,050;0,046;;;;;;;
of which contract subsscribers ;;dont abonnements et forfaits ;Millions d'unités;;;;;;;;;;0,491;0,891;1,747;2,430;2,698;2,732;2,946;2,928;2,810;2,786;2,758;;-1,0%;;p766;;714;
of which prepaid cards;;dont cartes prépayées ;Millions d'unités;;;;;;;;;;;0,099;0,333;0,309;0,460;0,642;0,699;0,814;0,816;0,841;0,682;;-19,0%;;p767;;715;
of which active prepaid cards;;dont cartes prépayées actives;Millions d'unités;;;;;;;;;;;;;;;0,179;0,194;0,231;0,283;0,287;0,264;;-8,1%;;p768;;716;
;; ;;;;;;;;;;;;;;;;;;;;;;;;;;;;
;;;;1998;1999;2000;2001;2002;2003;2004;2005;2006;2007;2008;2009;2010;2011;2012;2013;2014;2015;2016;2017;;Evolution annuelle;;;;;
Active 3G users ;Millions of units;Parc actif 3G ;Millions d'unités;;;;;;;;;;5,879;11,439;17,693;22,905;27,745;32,802;36,461;43,261;48,733;52,863;56,140;;6,2%;;p787;;735;
Active 4G users ;Millions of units;Parc actif 4G ;Millions d'unités;;;;;;;;;;;;;;;;;10,969;22,102;31,901;41,626;;30,5%;;p788;;736;
;;;;;;;;;;;;;;;;;;;;;;;;;;;;;;
Amount of numbers ported during the year;Millions of units;Nombre de numéros conservés au cours de l'année;Millions d'unités;;;;;;;0,205;0,323;0,433;0,885;1,376;1,798;2,316;3,323;7,164;6,200;5,614;6,016;6,908;7,705;;11,5%;;p797;;745;
Source ARCEP - 1998 to 2014 annual surveys. 2015 quarterly surveys.;; ;;;;;;;;;;;;;;;;;;;;;;;;;;;;
;;;;1998;1999;2000;2001;2002;2003;2004;2005;2006;2007;2008;2009;2010;2011;2012;2013;2014;2015;2016;2017;;Evolution annuelle;;;;;
Total number of MtoM cards ;Millions of units;"Nombre de cartes ""MtoM"" ";Millions d'unités;;;;;;;;;;0;0,900;1,568;2,626;3,361;4,663;6,890;8,257;10,562;11,737;14,899;;26,9%;;p990;;938;
;; ;;;;;;;;;;;;;;;;;;;;;;;;;;;;
;;Trafic de téléphonie au départ des mobiles;;1998;1999;2000;2001;2002;2003;2004;2005;2006;2007;2008;2009;2010;2011;2012;2013;2014;2015;2016;2017;;Evolution annuelle;;;;;
Calls to national fixed lines;Millions of minutes;Communications mobiles vers fixe national;Millions de minutes;;11 789;16 269;17 665;18 710;20 839;22 168;20 082;19 168;18 802;18 490;17 797;17 479;17 374;20 358;23 645;25 398;26 535;27 131;26 966;;-0,6%;;p735;;683;
;;Communications nationales;Millions de minutes;;8 489;18 555;25 678;31 912;41 170;50 136;59 538;72 518;78 034;80 347;79 982;81 802;83 465;93 568;106 452;113 585;119 612;125 775;129 215;;2,7%;;p736;;684;
Calls to mobiles on the same network ;Millions of minutes;dont communications on-net;Millions de minutes;;4 880;11 715;16 157;19 939;25 968;31 869;40 612;50 362;52 759;53 131;50 844;49 869;48 082;47 282;48 828;51 573;53 370;52 938;51 471;;-2,8%;;p737;;685;
;;dont communications vers mobiles tiers;Millions de minutes;;3 609;6 840;9 521;11 973;15 202;18 267;18 925;22 156;25 275;27 216;29 138;31 933;35 384;46 286;57 624;62 012;66 242;72 837;77 743;;6,7%;;p738;;686;
Outgoing internationals calls;Millions of minutes;Communications vers l’international;Millions de minutes;;293;498;692;713;805;959;999;1 160;1 366;1 565;1 753;2 314;3 319;4 341;5 773;6 511;6 048;6 194;5 135;;-17,1%;;p740;;688;
Roaming out ;Millions of minutes;Roaming out;Millions de minutes;;;318;385;509;655;985;1 093;1 180;1 323;1 377;1 304;1 357;1 368;1 349;1 436;1 609;2 077;2 583;3 447;;33,4%;;p741;;689;
Total mobile telephony traffics;Millions of minutes;Volumes de communications au départ des mobiles;Millions de minutes;9 968;20 571;35 640;44 419;51 844;63 469;74 248;81 711;94 026;99 525;101 779;100 836;102 953;105 527;119 615;137 305;147 103;154 272;161 682;164 762;;1,9%;;p742;;690;
Contract subscribers;Millions of minutes;Abonnements et forfaits;Millions de minutes;;;32 070;39 793;46 646;57 378;68 066;74 576;87 054;91 930;93 691;93 589;96 240;98 245;111 352;127 336;136 663;144 108;152 141;156 264;;2,7%;;p701;;649;
Prepaid cards;Millions of minutes;Cartes prépayées;Millions de minutes;;;3 570;4 626;5 197;6 091;6 182;7 134;6 972;7 595;8 089;7 247;6 713;7 281;8 263;9 970;10 440;10 165;9 542;8 498;;-10,9%;;p702;;650;
;;;;;;;;;;;;;;;;;;;;;;;;;;;;;;
;;Messagerie interpersonnelle;;1998;1999;2000;2001;2002;2003;2004;2005;2006;2007;2008;2009;2010;2011;2012;2013;2014;2015;2016;2017;;Evolution annuelle;;;;;
Number of interpersonnal SMS;Millions of units;SMS;Millions d'unités;;;1 471;3 508;5 523;8 188;10 335;12 597;15 050;19 236;34 653;63 015;102 776;146 389;182 953;193 164;196 561;202 554;200 951;184 435;;-8,2%;;p712;;703;
of which from contract subscribers;Millions of units;dont abonnements et forfaits;Millions d'unités;;;;;;;;;11 168;15 223;27 297;51 728;88 825;130 086;167 512;181 966;187 029;193 953;193 372;178 205;;-7,8%;;p708;;656;
of which from prepaid cards;Millions of units;dont cartes prépayées;Millions d'unités;;;;;;;;;3 881;4 013;7 354;11 287;13 951;16 303;15 440;11 198;9 533;8 600;7 579;6 229;;-17,8%;;p711;;657;
Number of interpersonnal MMS ;Millions of units;MMS;Millions d'unités;;;;;;;79;265;294;256;407;463;648;1 029;1 606;2 464;3 281;4 087;4 528;4 964;;9,6%;;p758;;706;
Number of interpersonnal messages sent;Millions of units;Nombre de SMS et MMS interpersonnels émis;Millions d'unités;;;1 471;3 508;5 523;8 188;10 414;12 862;15 344;19 492;35 060;63 478;103 424;147 418;184 559;195 627;199 842;206 640;205 479;189 398;;-7,8%;;p759;;707;
;;;;;;;;;;;;;;;;;;;;;;;;;;;;;;
;;Consommation de données mobiles;;1998;1999;2000;2001;2002;2003;2004;2005;2006;2007;2008;2009;2010;2011;2012;2013;2014;2015;2016;2017;;Evolution annuelle;;;;;
Traffic of data from contract subscribers;Teraoctets;Volume de données abonnements et forfaits;Téraoctets;;;;;;;;;;;;;;;;;299 412;548 246;1 041 050;2 282 719;;119,3%;;p717;;665;
Traffic of data from prepaid cards;Teraoctets;Volume de données cartes prépayées;Téraoctets;;;;;;;;;;;;;;;;;5 059;9 316;15 836;26 832;;69,4%;;p718;;666;
Traffic of data consumed on mobile networks;Teraoctets;Volume de données consommées sur les réseaux mobiles;Téraoctets;;;;;;;;;;;2 930;13 267;30 331;55 805;94 999;155 278;304 471;557 561;1 056 887;2 309 551;;118,5%;;p719;;667;
of which dedicated internet data SIM cards;Teraoctets;dont cartes SIM internet/data exclusives;Téraoctets;;;;;;;;;;;;;10 127;11 141;12 315;14 147;24 696;31 759;52 657;59 182;;12,4%;;p776;;668;
Source ARCEP - 1998 to 2014 annual surveys. 2015 quarterly surveys.;;dont cartes des clients actifs en 4G;Téraoctets;;;;;;;;;;;;;;;;;;353 963;880 966;2 081 437;;136,3%;;p721;;669;
;;;;;;;;;;;;;;;;;;;;;;;;;;;;;;
;;Trafic en roaming-out;;1998;1999;2000;2001;2002;2003;2004;2005;2006;2007;2008;2009;2010;2011;2012;2013;2014;2015;2016;2017;;Evolution annuelle;;;;;
;;Volume de communications ;Millions de minutes;;;;;;655;98500,0%;109300,0%;1 180; 1 323   ; 1 377   ; 1 304   ; 1 357   ; 1 368   ; 1 349   ;1 436;1 609;2 077;2 583;3 447;;33,4%;;p727;;693;
;;Nombre de SMS émis;Millions d'unités;;;;;;;;;;;;;;;;;;1 296;1 515;1 902;;25,6%;;p728;;694;
;;Trafic de données consommées;Téraoctets;;;;;;;;;;;;;;;;;;4 488;11 296;40 134;;255,3%;;p729;;695;
;;;;;;;;;;;;;;;;;;;;;;   ;   ;;;;;;;
IV. Indicators of revenue;;IV. Indicateurs de revenus;;;;;;;;;;;;;;;;;;;;;;;;;;;;
;;;;;;;;;;;;;;;;;;;;;;;;;;;;;;
Fixed services;;Services fixes;;;;;;;;;;;;;;;;;;;;;;;;;;;;
;;;;1998;1999;2000;2001;2002;2003;2004;2005;2006;2007;2008;2009;2010;2011;2012;2013;2014;2015;2016;2017;;Evolution annuelle;;;;;
National calls;Millions of €  ;Communications nationales;Millions d'€ HT;6 669;6 014;5 014;4 520;4 192;3 850;3 567;3 264;2 971;2 361;2 128;1 768;1 577;1 220;1 032;852;759;662;639;580;;-9,3%;;p256;;236;
International calls;Millions of €  ;Communications internationales;Millions d'€ HT;1 139;961;897;871;850;819;673;632;562;556;557;496;484;445;394;345;309;263;222;175;;-21,1%;;p257;;237;
Calls to mobiles;Millions of €  ;Communications vers mobiles;Millions d'€ HT;1 716;2 253;2 729;2 895;2 919;2 758;2 425;2 065;1 678;1 725;1 644;1 523;1 419;1 155;820;638;523;453;413;359;;-13,0%;;p258;;238;
All calls from fixed lines Revenue;Millions of €  ;Revenus des communications depuis les lignes fixes (RTC + VLB);Millions d'€ HT;9 524;9 228;8 639;8 287;7 961;7 427;6 666;5 961;5 211;4 641;4 329;3 788;3 480;2 820;2 246;1 834;1 591;1 378;1 274;1 114;;-12,5%;;p259;;239;
;;;;;;;;;;;;;;;;;;;;;;;;;;;;;;
Low-speed services;;;;1998;1999;2000;2001;2002;2003;2004;2005;2006;2007;2008;2009;2010;2011;2012;2013;2014;2015;2016;2017;;Evolution annuelle;;;;;
Access fees, subscriptions and additional services Revenue (PSTN/ISDN);Millions of €  ;Revenus d'accès, abonnements et services supplémentaires;Millions d'€ HT;4 299;4 869;5 144;5 366;5 426;5 565;5 493;5 736;5 643;5 531;5 276;4 779;4 414;4 020;3 577;3 237;3 018;2 778;2 533;2 310;;-8,8%;;p249;;229;
All calls from fixed lines Revenue on PSTN/ISDN;Millions of €  ;Revenus des communications au départ des postes fixes RTC;Millions d'€ HT;9 524;9 228;8 639;8 287;7 961;7 427;6 647;5 865;4 986;4 223;3 750;3 072;2 677;2 084;1 601;1 286;1 059;890;816;707;;-13,4%;;p260;;240;
Public payphones and fixed cards Revenue;Millions of €  ;Revenus des autres services bas débit (internet, publiphonie, cartes);Millions d'€ HT;945;966;848;720;1598;1532;1 293;966;717;487;361;279;241;156;94;47;41;34;34;8;;-76,8%;;p302;;307;
Revenu of low-speed services;;Revenus du bas débit;;14 768;15 063;14 631;14 373;14 985;14 524;13 433;12 567;11 346;10 242;9 386;8 130;7 332;6 260;5 272;4 571;4 118;3 703;3 383;3 025;;-10,6%;;p325;;305;
;;;;;;;;;;;;;;;;;;;;;;;;;;;;;;
High and very high speed services;;Haut et très haut débit;;1998;1999;2000;2001;2002;2003;2004;2005;2006;2007;2008;2009;2010;2011;2012;2013;2014;2015;2016;2017;;Evolution annuelle;;;;;
Voice-over-broadband traffic Revenue (billing beyond the package);Millions of €  ;Revenus des communications en voix sur large bande (facturées au-delà du forfait);Millions d'€ HT;;;;;;;;96;226;418;579;716;803;736;645;547;532;488;457;407;;-10,9%;;p354;;310;
Voice-over-broadband internet Revenue;Millions of €  ;Revenus des accès internet VLB haut et très haut débit ;Millions d'€ HT;;;194;448;653;1 314;1 732;2 404;3 328;4 596;5 622;6 691;7 311;7 747;8 500;8 859;9 108;9 155;8 942;8 689;;-2,8%;;p329;;309;
"""Other internet services "" Revenue*";Millions of €  ;"Revenus ""autres services liés à l’accès Internet"" *";Millions d'€ HT;;;90;154;146;149;325;315;429;599;616;738;871;1 054;1 270;1 336;1 380;1 516;2 055;2 709;;31,8%;;p330;;311;
Revenu of high-speed services;;Revenus du haut et très haut débit;;;;284;602;798;1 463;2 076;2 883;3 983;5 612;6 817;8 145;8 985;9 538;10 414;10 741;11 020;11 159;11 454;11 806;;3,1%;;p328;;308;
"* ""other internet services"" : include revenus from content services (high and very high speed services) charged by the operator such as revenue from subscriptions to a television service, services for downloading music or video on demand.";;"* ""Autres services liés à l'accès internet"" : inclus les revenus des services de contenus liés aux accès haut et très haut débit facturés par l’opérateur de CE (recettes des abonnements à un service de télévision, des services de téléchargement de musique ou de vidéo à la demande).";;;;;;;;;;;;;;;;;;;;;;;;;;;;
;;;;1998;1999;2000;2001;2002;2003;2004;2005;2006;2007;2008;2009;2010;2011;2012;2013;2014;2015;2016;2017;;Evolution annuelle;;;;;
Retail leased lines and data networking (*);Millions of €  ;Revenu des services de capacité aux entreprises (*);Millions d'€ HT;;;;;;2 087;3 488;3 707;2 569;2 608;2 641;2 787;2 676;2 613;2 594;2 501;2 471;2 461;2 439;2 399;;-1,6%;;p331;;312;
(*) Operators sales on the final market, sales of capacity services (leased line, data transport)  to others operators are the wholesale market.;;(*) Ventes des opérateurs aux entreprises sur le marché final, les ventes de services de capacité aux opérateurs relèvent du marché de gros.;;;;;;;;;;;;;;;;;;;;;;;;;;;;
;;;;1998;1999;2000;2001;2002;2003;2004;2005;2006;2007;2008;2009;2010;2011;2012;2013;2014;2015;2016;2017;;Evolution annuelle;;;;;
Total traffic and internet revenues (payphones and fixed cards included);Millions of €  ;Total revenus fixes (téléphonie, Internet, publiphonie et cartes, services de capacité);Millions d'€ HT;14 768;15 063;15 553;15 786;15 783;18 014;18 943;19 072;17 898;18 462;18 845;19 062;18 980;18 401;18 280;17 813;17 609;17 323;17 276;17 229;;-0,3%;hors CA services de capacité;p5;;;
;;;;;;;;;;;;;;;;;;;;;;;;;;;;;;
;;;;1998;1999;2000;2001;2002;2003;2004;2005;2006;2007;2008;2009;2010;2011;2012;2013;2014;2015;2016;2017;;Evolution annuelle;;;;;
Value-added services from fixed telephony network;Millions of €  ;SVA vocaux au départ des clients des opérateurs fixes;Millions d'€ HT;;;1 603;1 451;1 450;1 258;1 260;1 317;1 283;1 249;1 069;853;771;735;683;559;535;492;481;416;;-13,4%;;p1000;;948;
;;;;;;;;;;;;;;;;;;;;;;;;;;;;;;
Mobile services;;Services mobiles;;;;;;;;;;;;;;;;;;;;;;;;;;;;
;;;;1998;1999;2000;2001;2002;2003;2004;2005;2006;2007;2008;2009;2010;2011;2012;2013;2014;2015;2016;2017;;Evolution annuelle;;;;;
Contract subscribers revenue (excluded MtoM cards);Millions of €  ;Revenus des abonnements et forfaits (hors cartes MtoM);Millions d'€ HT;;5 100;6 964;8 282;9 636;10 963;12 512;13 854;14 483;15 251;16 343;16 695;17 356;16 894;15 728;14 156;13 401;13 096;13 252;13 290;;0,3%;;p692;;640;
Prepaid cards revenue;Millions of €  ;Revenus des cartes prépayées;Millions d'€ HT;;438;925;1 619;2 132;2 268;2 350;2 346;2 288;2 302;2 286;2 172;2 048;1 990;1 703;1 364;1 221;1 048;798;714;;-10,5%;;p693;;641;
Total mobile services Revenue (MtoM excluded);Millions of €  ;Revenus des services mobiles (hors cartes MtoM);Millions d'€ HT;3 782;5 537;7 889;9 901;11 768;13 231;14 862;16 199;16 771;17 553;18 629;18 867;19 405;18 884;17 431;15 519;14 621;14 145;14 049;14 004;;-0,3%;;p694;;642;
of which outgoing internationals calls;Millions of €  ;dont communications vers l'international;Millions d'€ HT;;204;269;323;424;437;535;608;667;736;785;795;849;949;1 021;992;917;807;722;671;;-7,1%;;p695;;643;
of which roaming out (calls, sms, data);Millions of €  ;dont roaming-out (voix, sms, data);Millions d'€ HT;;;;;   ; 745   ; 881   ; 1 013   ; 1 042   ; 1 062   ; 971   ; 920   ; 863   ; 806   ;781;715;716;717;718;719;;0,1%;;p696;;644;
Source ARCEP - 1998 to 2014 annual surveys. 2015 quarterly surveys.;; ;;;;;;;;;;;;;;;;;;;;;;;;;;;;
;;;;1998;1999;2000;2001;2002;2003;2004;2005;2006;2007;2008;2009;2010;2011;2012;2013;2014;2015;2016;2017;;Evolution annuelle;;;;;
Value-added services from mobile telephony network;Millions of €  ;Services à valeur ajoutée au départ des clients des opérateurs mobiles;Millions d'€ HT;;;239;359;368;547;829;1 014;1 180;1 275;1 248;1 241;1 163;1 244;1 203;1 057;866;788;634;631;;-0,5%;;S;;951;
"of which the value-added ""voice"" services  ";Millions of €  ;dont services à valaur ajoutée vocaux;Millions d'€ HT;;;239;359;368;463;635;726;787;777;675;602;482;430;406;505;483;432;309;308;;-0,2%;;p1006;;954;
"of which the value-added ""data"" services  ";Millions of €  ;"dont services à valaur ajoutée ""data""";Millions d'€ HT;;;;;;84;194;288;393;498;573;639;681;814;797;552;383;356;325;323;;-0,7%;;p1007;;955;
;;;;;;;;;;;;;;;;;;;;;;;;;;;;;;
;;;;1998;1999;2000;2001;2002;2003;2004;2005;2006;2007;2008;2009;2010;2011;2012;2013;2014;2015;2016;2017;;Evolution annuelle;;;;;
Directory services revenue;Millions of €  ;Revenu des opérateurs attributaires - services de renseignements;Millions d'€ HT;;;;;;;;223;153;163;154;157;134;126;118;127;120;102;99;104;;4,9%;;p1008;;SA 710;
;;;;;;;;;;;;;;;;;;;;;;;;;;;;;;
MtoM cards revenue;Millions of €  ;Revenu des cartes MtoM;Millions d'€ HT;;;;;;;;;;17;40;44;53;73;81;102;88;97;104;113;;9,4%;;p989;;937;
;;;;;;;;;;;;;;;;;;;;;;;;;;;;;;
V. Average monthly indicators;;V. Indicateurs de consommation moyenne mensuelle;;;;;;;;;;;;;;;;;;;;;;;;;;;;
;;;;;;;;;;;;;;;;;;;;;;;;;;;;;;
Fixed services;;Services fixes;;;;;;;;;;;;;;;;;;;;;;;;;;;;
;;;;1998;1999;2000;2001;2002;2003;2004;2005;2006;2007;2008;2009;2010;2011;2012;2013;2014;2015;2016;2017;;Evolution annuelle;;;;;
Average monthly revenue per contract on PSTN/ISDN (telephony);€;Facture mensuelle moyenne par abonnement au RTC ;€ HT;34,0;34,7;33,8;33,4;32,7;31,7;29,8;28,8;27,4;26,9;27,3;26,0;25,9;24,7;23,4;22,9;22,9;22,9;23,1;23,0;;-0,2%;;p604;;552;
Average monthly revenue per contract (low-speed Internet);€;Facture mensuelle internet bas débit;€ HT;;;12,8;11,6;11,5;11,0;9,4;8,6;7,9;8,1;7,9;6,0;5,8;5,4;5,2;4,8;4,7;;;;;;;;; - ;
Average monthly revenue per high and very high speed networks contract (internet, telephony);€;Facture mensuelle internet haut ou très haut débit (internet, téléphonie);€ HT;;;;;48,2;41,9;28,7;26,3;27,1;30,5;31,5;34,0;34,3;34,1;35,3;35,0;34,3;33,7;33,9;34,1;;0,6%;;p606;;554;
;;;;;;;;;;;;;;;;;;;;;;;;;;;;;;
;;;;1998;1999;2000;2001;2002;2003;2004;2005;2006;2007;2008;2009;2010;2011;2012;2013;2014;2015;2016;2017;;Evolution annuelle;;;;;
Average monthly outgoing traffic per contract on PSTN/ISDN;minutes;Trafic mensuel moyen par abonnement fixe RTC;minutes;4h53;4h52;4h47;4h40;4h27;4h19;4h08;3h56;3h37;3h14;3h03;2h55;2h45;2h26;2h21;2h17;2h13;2h07;2h01;1h55;;-4,8%;;p610;;558;
Average monthly outgoing traffic per contract (voice-over-broadband);minutes;Trafic mensuel moyen par abonnement fixe en VLB;minutes;;;;;;;;5h25;5h09;5h15;5h11;4h57;5h00;5h06;5h10;4h27;3h44;3h21;2h57;2h30;;-14,9%;;p611;;559;
;;;;;;;;;;;;;;;;;;;;;;;;;;;;;;
Mobile services;;Services mobiles;;;;;;;;;;;;;;;;;;;;;;;;;;;;
Excluded MtoM cards for the revenue, excluded MtoM cards and Number of dedicated data cards for the traffic, and value added services excluded.;;Hors cartes MtoM en revenu, hors cartes MtoM et cartes internet exclusives en volume de minutes, et hors SVA en minutes et en revenus.;;;;;;;;;;;;;;;;;;;;;;;;;;;;
;;;;1998;1999;2000;2001;2002;2003;2004;2005;2006;2007;2008;2009;2010;2011;2012;2013;2014;2015;2016;2017;;Evolution annuelle;;;;;
Average monthly revenue per user;€;Facture mensuelle moyenne par carte ;€ HT;37,0;28,2;25,7;25,1;26,0;27,5;28,7;29,1;28,0;27,3;27,6;26,9;26,4;24,7;21,7;18,7;17,2;16,4;16,1;15,8;;-2,0%;;p933;;881;
Average monthly outgoing traffic per user;minutes;Volume mensuel moyen par carte ;minutes;1h37;1h47;1h57;1h51;1h54;2h11;2h23;2h27;2h37;2h35;2h32;2h27;2h25;2h24;2h36;2h54;3h02;3h08;3h15;3h15;;0,0%;;p936;;884;
Number of interpersonnal SMS sent per user ;units;Nombre mensuel moyen de SMS émis par carte;unités;;;;9;12;17;20;23;25;30;52;92;146;200;240;245;244;247;243;219;;-10,0%;;p939;;887;
;;;;;;;;;;;;;;;;;;;;;;;;;;;;;;
;;;;1998;1999;2000;2001;2002;2003;2004;2005;2006;2007;2008;2009;2010;2011;2012;2013;2014;2015;2016;2017;;Evolution annuelle;;;;;
 Average monthly traffic of data consumed on mobile networks ; Moctets ; Volume mensuel moyen de données par carte SIM  ; Moctets ;;;;;;;;;;; 5   ; 19   ; 43   ; 76   ; 124   ; 196   ; 376   ; 678   ; 1 273   ; 2 735   ;;114,8%;;p948;;896;
;; dont client détenteur d'un forfait ; Moctets ;;;;;;;;;;;;;;;;; 470   ; 821   ; 1 502   ; 3 168   ;;110,9%;;p946;;894;
;; dont client détenteur d'une carte prépayée ; Moctets ;;;;;;;;;;;;;;;;; 29   ; 60   ; 116   ; 217   ;;87,5%;;p947;;895;
 of which active 3G and 4G users ; Moctets ; dont client actif internet 3G ou 4G ; Moctets ;;;;;;;;;;;; 215   ; 207   ; 265   ; 341   ; 464   ; 754   ; 1 166   ; 1 990   ; 3 984   ;;100,2%;;p954;;902;
 of which dedicated data SIM cards ; Moctets ; dont cartes internet exclusives ; Moctets ;;;;;;;;;;;;; 367   ; 330   ;329;352;584;753;;;;;; ;;897;
 of which from other SIM cards ; Moctets ; dont autres cartes actives 4G ; Moctets ;;;;;;;;;;; 4   ; 19   ; 30   ; 64   ;;;; 1 871   ; 2 851   ; 4 947   ;;73,5%;;p955;;903;
;;;;;;;;;;;;;;;;;;;;;;;;;;;;;;
Contract subscribers;;Forfaits;;1998;1999;2000;2001;2002;2003;2004;2005;2006;2007;2008;2009;2010;2011;2012;2013;2014;2015;2016;2017;;Evolution annuelle;;;;;
Average monthly revenue per user;€;Facture mensuelle moyenne par carte ;€ HT;;41,5;39,2;40,2;39,8;39,7;40,1;39,8;37,7;36,3;36,4;35,0;34,1;31,5;27,3;22,6;20,0;18,7;18,2;17,6;;-3,5%;;p934;;882;
Average monthly outgoing traffic per user;minutes;Volume mensuel moyen par carte;minutes;;;3h03;3h11;3h12;3h27;3h38;3h34;3h46;3h40;3h33;3h22;3h18;3h14;3h25;3h34;3h35;3h36;3h39;3h36;;-1,4%;;p937;;885;
Number of interpersonnal SMS sent per user ;units;Nombre mensuel moyen de SMS émis par carte ;unités;;;;;;;;;29;37;63;112;183;257;309;307;295;291;279;247;;-11,6%;;p940;;888;
;;;;;;;;;;;;;;;;;;;;;;;;;;;;;;
Prepaid cards;;Cartes prépayées;;1998;1999;2000;2001;2002;2003;2004;2005;2006;2007;2008;2009;2010;2011;2012;2013;2014;2015;2016;2017;;Evolution annuelle;;;;;
Average monthly revenue per user ;€;Facture mensuelle moyenne par carte ;€ HT;;6,5;7,2;8,6;10,1;11,0;11,4;11,3;10,7;10,3;10,1;9,6;9,1;8,7;7,5;6,7;6,7;6,4;5,6;5,5;;-1,0%;;p935;;883;
Average monthly outgoing traffic per user;minutes;Volume mensuel moyen par carte;minutes;;;0h28;0h24;0h24;0h29;0h30;0h34;0h32;0h34;0h35;0h32;0h30;0h32;0h37;0h51;1h00;1h06;1h11;1h10;;-1,3%;;p938;;886;
Number of interpersonnal SMS sent per user ;units;Nombre mensuel moyen de SMS émis par carte;unités;;;;;;;;;18;18;33;51;63;73;70;57;55;56;57;52;;-8,9%;;p941;;889;
;;;;;;;;;;;;;;;;;;;;;;;;;;;;;;
;;;;;;;;;;;;;;;;;;;;;;;;;;;;;;
V. Average monthly indicators;;VI. Indicateurs du roaming-in;;;;;;;;;;;;;;;;;;;;;;;;;;;;
;;;;;;;;;;;;;;;;;;;;;;;;;;;;;;
;;;;1998;1999;2000;2001;2002;2003;2004;2005;2006;2007;2008;2009;2010;2011;2012;2013;2014;2015;2016;2017;;Evolution annuelle;;;;;
;;Revenu du roaming-in;millions d'euros HT;;;;;;776;874;839;799;695;658;560;501;496;407;344;326;333;335;420;;25,4%;;p1183;;;
;;Volume de communications  ;millions de minutes;;;;;;1294;1350;1393;1521;1641;1899;1865;1945;1973;1998;2 137;2 360;2 753;3 366;4 693;;39,4%;;p1200;;;
;;Millions de SMS ;Millions d'unités;;;;;;;;;;;;;;;;915;875;869;876;973;;11,2%;;p1201;;;
;;Volume de données  ;térooctets;;;;;;;;;;;;;;;;749;1 793;4 132;9 392;29 993;;219,3%;;p1202;;;
;;;;;;;;;;;;;;;;;;;;;;;;;;;;;;
VI. Business market;;VI. Marché entreprise;;;;;;;;;;;;;;;;;;;;;;;;;;;;
;;;;;;;;;;;;;;;;;;;;;;;;;;;;;;
Fixed services;;Services fixes des entreprises;;;;;;;;;;;;;;;;;;;;;;;;;;;;
;;;;;;;;;;;;;;;;;;;;;;;;;;;;;;
;;Nombre d'abonnements fixes des entreprises;;1998;1999;2000;2001;2002;2003;2004;2005;2006;2007;2008;2009;2010;2011;2012;2013;2014;2015;2016;2017;;Evolution annuelle;;;;;
Subscriptions on narrow band access (analog, digital lines, cable networks);Millions of units;"Abonnements sur des lignes bas débit 
(lignes analogiques, numériques ou par le câble)";Millions d'unités;;;;;;10,703;10,359;10,434;10,300;10,074;9,923;9,261;8,701;8,282;7,818;7,381;7,008;6,573;6,173;5,695;;-7,7%;;p422;;403;
of which access resales;Millions of units;dont abonnement issus de la VGAST;Millions d'unités;;;;;;;;;;0,035;0,266;0,416;0,523;0,950;1,170;1,131;1,231;1,242;1,246;1,206;;-3,2%;;p423;;404;
Voice-over-broadband subscriptions;Millions of units;Abonnements à la voix sur large bande;Millions d'unités;;;;;;0,000;0,001;0,020;0,066;0,116;0,230;1,050;1,353;1,827;1,984;2,371;2,693;2,874;3,089;3,239;;4,9%;;p424;;405;
Number of subscriptions to fixed telephony service;Millions of units;Abonnement des entreprises au service téléphonique fixe;Millions d'unités;;;;;;10,704;10,361;10,454;10,366;10,190;10,153;10,311;10,054;10,110;9,802;9,751;9,701;9,447;9,262;8,935;;-3,5%;;p425;;406;
;;;;;;;;;;;;;;;;;;;;;;;;;;;;;;
;;Revenu des services fixes des entreprises;;1998;1999;2000;2001;2002;2003;2004;2005;2006;2007;2008;2009;2010;2011;2012;2013;2014;2015;2016;2017;;Evolution annuelle;;;;;
;;Revenu du bas débit (accès, communications RTC, internet, cartes fixes);Millions d'€ HT;;;;;;3 221;2 734;2 474;2 173;2 063;4 112;3 862;3 551;3 097;2 665;2 383;2 248;2 058;1 948;1 799;;-7,6%;;p576;;542;
;;Revenu du haut et très haut débit (internet, comm. VLB, autres revenus liés à l'accès internet);Millions d'€ HT;;;;;;;;;530;944;1 040;1 389;1 522;1 749;2 006;2 023;2 139;2 141;2 127;2 186;;2,8%;;p569;;543;
;;Revenu des services de capacité;Millions d'€ HT;;;;;;;;;2 569;2 608;2 641;2 787;2 676;2 613;2 594;2 501;2 471;2 461;2 439;2 399;;-1,6%;;p570;;544;
;;Revenu des entreprises depuis les lignes fixes;Millions d'€ HT;;;;;;;;;5 272;5 615;7 793;8 038;7 749;7 459;7 265;6 906;6 858;6 661;6 514;6 384;;-2,0%;;S;;541;
;;;;;;;;; ; ; ; ; ; ; ; ; ; ; ; ; ; ; ;;;;;;;
;;Trafic de téléphonie fixe des entreprises;;1998;1999;2000;2001;2002;2003;2004;2005;2006;2007;2008;2009;2010;2011;2012;2013;2014;2015;2016;2017;;Evolution annuelle;;;;;
;;Communications vers fixe national;Millions de minutes;;38 808;41 165;39 094;35 247;33 459;30 472;27 975;26 392;24 481;22 199;21 221;20 098;17 771;17 929;16 855;15 448;14 535;13 421;12 510;;-6,8%;;p489;;462;
;;Communications vers l’international;Millions de minutes;;2 063;2 281;2 231;2 382;2 522;1 868;1 635;1 690;1 684;1 516;1 447;1 190;1 200;1 075;1 039;975;867;725;662;;-8,7%;;p490;;463;
;;Communications vers mobiles;Millions de minutes;;3 401;4 098;4 641;5 108;5 536;5 468;5 558;5 733;6 018;6 061;6 035;5 963;5 591;5 606;5 450;5 364;5 292;5 207;5 383;;3,4%;;p491;;464;
;;Communications des entreprises depuis les lignes fixes;Millions de minutes;; 44 272   ; 47 544   ; 45 966   ; 42 737   ;41 517;37 808;35 168;33 814;32 183;29 777;28 704;27 251;24 563;24 611;23 344;21 786;20 694;19 352;18 555;;-4,1%;;p492;; 465 ;
;;dont communications RTC;Millions de minutes;;42 737;42 737;42 737;42 737;41 517;37 773;35 077;33 492;31 687;28 872;25 623;22 538;18 007;15 781;14 097;12 614;11 400;10 052;8 903;;-11,4%;;p493;;466;
Source ARCEP - 1998 to 2014 annual surveys. 2015 quarterly surveys.;;"dont communications au départ des ""box"" en VLB";Millions de minutes;;;;;;;35;91;322;496;904;3 081;4 714;6 556;8 830;9 247;9 173;9 294;9 300;9 652;;3,8%;;p494;;467;
;;;;;;;;;;;;;;;;;;;;;;;;;;;;;;
;;Accès internet des entreprises;;1998;1999;2000;2001;2002;2003;2004;2005;2006;2007;2008;2009;2010;2011;2012;2013;2014;2015;2016;2017;;Evolution annuelle;;;;;
;;Nombre d'accès internet bas débit;Millions d'unités;;;;;;;0,178;0,099;0,091;0,040;0,041;0,108;0,094;0,042;0,035;0,030;0,026;;;;;;;;; SA 317 ;
;;Volume de minutes internet bas débit;Millions de minutes;;;;;;75 780;58 083;40 281;27 297;16 196;10 043;6 064;3 947;2 416;1 345;672;397;;;;;;;;;;
;;;;;;;;;;;;;;;;;;;;;;;;;;;;;;
;;Nombre d'accès internet haut et très haut débit;Millions d'unités;;;;;;;;0,169;0,194;0,198;0,227;1,628;1,697;1,826;1,860;1,925;1,951;1,967;2,037;2,058;;1,0%;;p516;; 524 ;
;;;;;;;;;;;;;;;;;;;;;;;;;;;;;;
;;Services de capacité (liaisons louées et transport de données);;1998;1999;2000;2001;2002;2003;2004;2005;2006;2007;2008;2009;2010;2011;2012;2013;2014;2015;2016;2017;;Evolution annuelle;;;;;
;;Nombre total d'accès vendus aux entreprises;Millions d'unités;;;;;;;;;0,629;0,523;0,613;0,618;0,626;0,603;0,613;0,588;0,579;0,582;0,587;0,576;;-1,8%;;p565;;531;
;;;;;;;;;;;;;;;;;;;;;;;;;;;;;;
Mobile services;;Services mobiles des entreprises;;;;;;;;;;;;;;;;;;;;;;;;;;;;
;;;;;;;;;;;;;;;;;;;;;;;;;;;;;;
;;Nombre de cartes mobile des entreprises;;1998;1999;2000;2001;2002;2003;2004;2005;2006;2007;2008;2009;2010;2011;2012;2013;2014;2015;2016;2017;;Evolution annuelle;;;;;
;;"Abonnements ""classiques"" (voix et voix/data)";Millions d'unités;;;;;;;5,791;6,366;6,998;7,159;5,233;5,542;5,947;6,358;6,529;6,597;6,765;7,002;7,183;7,396;;3,0%;;p811;;759;
Source ARCEP - 1998 to 2014 annual surveys. 2015 quarterly surveys.;;Cartes internet exclusives;Millions d'unités;;;;;;;;;;0,421;0,597;0,766;0,901;1,036;1,110;1,154;1,159;1,158;1,187;1,237;;4,2%;;p812;;760;
Total number of SIM cards (MtoM cards excluded);Millions of units;Nombre de cartes mobiles (hors cartes MtoM);Millions d'unités;;;;;;;5,791;6,366;6,998;7,580;5,830;6,308;6,849;7,394;7,638;7,752;7,923;8,160;8,370;8,633;;3,1%;;p813;;761;
;;;;;;;;;;;;;;;;;;;;;;;;;;;;;;
;;Volume de trafic mobile des entreprises;;1998;1999;2000;2001;2002;2003;2004;2005;2006;2007;2008;2009;2010;2011;2012;2013;2014;2015;2016;2017;;Evolution annuelle;;;;;
;;Communications mobiles vers fixe national;Millions de minutes;;;;;;;;;;;;;;;;4 131;4 158;4 204;4 374;4 305;;-1,6%;;p856;;804;
;;Communications mobiles on-net;Millions de minutes;;;;;;;;;;;;;;;;7 136;6 992;7 140;7 646;7 380;;-3,5%;;p857;;805;
;;Communications mobiles vers réseaux mobiles tiers;Millions de minutes;;;;;;;;;;;;;;;;5 409;5 667;6 242;6 623;6 817;;2,9%;;p858;;806;
;;Communications mobiles vers l’international;Millions de minutes;;;;;;;;;;;;;;;;515;499;509;506;483;;-4,5%;;p859;;807;
;;Communications en roaming out;Millions de minutes;;;;;;;;;;;;;;;;522;508;531;520;551;;5,9%;;p860;;808;
Traffic of calls from mobile services;Millions of minutes;Volumes de communications au départ des mobiles;Millions de minutes;;;;;;;;;;15 315;16 494;17 995;19 638;20 488;20 184;17 712;17 823;18 623;19 669;19 536;;-0,7%;;p861;;799;
;;;;;;;;;;;;;;;;;;;;;;;;;;;;;;
Number of interpersonnal SMS sent;Millions of units;Nombre de SMS émis;Millions d'unités;;;;;;;;;;;;;;;;4 226;5 338;6 168;7 236;7 481;;3,4%;;p880;;828;
;;Nombre de MMS émis;Millions d'unités;;;;;;;;;;;;;;;;88;156;206;271;330;;21,6%;;p881;;829;
;;Nombre de messages émis ;Millions d'unités;;;;;;;;;;;887;1 186;2 047;3 005;3 803;4 314;5 492;6 374;7 444;7 811;;4,9%;;p882;;828+829;
;;;;;;;;;;;;;;;;;;;;;;;;;;;;;;
Traffic of data consumed on mobile networks;Teraoctets;Volume de données consommées sur les réseaux mobiles;Téraoctets;;;;;;;;;;;1 583;1 508;3 312;5 939;9 841;14 182;27 184;50 570;80 074;152 601;;90,6%;;p902;;850;
;; dont volume de données consommées par les cartes actives en 4G;Téraoctets;;;;;;;;;;;;;;;;;;29 743;58 993;128 142;;;;;;;
;;;;;;;;;;;;;;;;;;;;;;;;;;;;;;
;;;;1998;1999;2000;2001;2002;2003;2004;2005;2006;2007;2008;2009;2010;2011;2012;2013;2014;2015;2016;2017;;Evolution annuelle;;;;;
Total revenue mobile services (MtoM excluded);Millions of €  ;Revenus des services mobiles (hors cartes MtoM);Millions d'€ HT;;;;;;3 044;3 657;4 610;4 793;4 616;2 977;3 022;3 209;3 380;3 246;2 952;2 780;2 615;2 512;2 361;;-6,0%;;p827;;775;
Total revenue mobile services (MtoM included);Millions of €  ;Revenus des services mobiles (y compris cartes MtoM);Millions d'€ HT;;;;;;3 044;3 657;4 610;4 793;4 632;3 017;3 066;3 262;3 454;3 327;3 054;2 868;2 712;2 616;2 474;;-5,4%;;" ""+p989"" ";;775+937;
;;;;;;;;;;;;;;;;;;;;;;;;;;;;;;
Fixed services;;Services à valeur ajoutée des entreprises;;;;;;;;;;;;;;;;;;;;;;;;;;;;
;;;;1998;1999;2000;2001;2002;2003;2004;2005;2006;2007;2008;2009;2010;2011;2012;2013;2014;2015;2016;2017;;Evolution annuelle;;;;;
;;Revenus des Services à valeur ajoutée des entreprises (*);Millions d'€ HT;;;;;;798;855;972;862;896;743;686;613;523;476;367;343;324;328;302;;-7,8%;;p1016;;SA 626;
;; (*) hors services de renseignements ;;;;;;;;;;;;;;;;;;;;;;;;;;;;
;;;;;;;;;;;;;;;;;;;;;;;;;;;;;;
;;Source ARCEP - Enquêtes annuelles 1998 à 2017.;;;;;;;;;;;;;;;;;;;;;;;;;;;;
;;Des rectifications peuvent être faites sur l'historique. ;;;;;;;;;;;;;;;;;;;;;;;;;;;;
;;Pour une information plus complète sur les définitions utilisées, le lecteur pourra utilement se reporter aux publications de l'Observatoire des marchés et à la notice explicative.;;;;;;;;;;;;;;;;;;;;;;;;;;;;
;;Le lien vers les publications ;;;;;;;;;;;;;;;;;;;;;; ;;;lien à MAJ;;;
;;Le lien vers la notice;;;;;;;;;;;;;;;;;;;;;; ;;;lien à MAJ;;;
