Quarterly;;;;Year/Année 2000;;;;Year/Année 2001;;;;Year/Année 2002;;;;Year/Année 2003;;;;Year/Année 2004;;;;Year/Année 2005;;;;Year/Année 2006;;;;Year/Année 2007;;;;Year/Année 2008;;;;Year/Année 2009;;;;Year/Année 2010;;;;Year/Année 2011;;;;Year/Année 2012;;;;Year/Année 2013;;;;Year/Année 2014;;;;Year/Année 2015;;;;Year/Année 2016;;;;Year/Année 2017;;;;;;
;;;;Q1 2000;Q2 2000;Q3 2000;Q4 2000;Q1 2001;Q2 2001;Q3 2001;Q4 2001;Q1 2002;Q2 2002;Q3 2002;Q4 2002;Q1 2003;Q2 2003;Q3 2003;Q4 2003;Q1 2004;Q2 2004;Q3 2004;Q4 2004;Q1 2005;Q2 2005;Q3 2005;Q4 2005;Q1 2006;Q2 2006;Q3 2006;Q4 2006;Q1 2007;Q2 2007;Q3 2007;Q4 2007;Q1 2008;Q2 2008;Q3 2008;Q4 2008;Q1 2009;Q2 2009;Q3 2009;Q4 2009;Q1 2010;Q2 2010;Q3 2010;Q4 2010;Q1 2011;Q2 2011;Q3 2011;Q4 2011;Q1 2012;Q2 2012;Q3 2012;Q4 2012;Q1 2013;Q2 2013;Q3 2013;Q4 2013;Q1 2014;Q2 2014;Q3 2014;Q4 2014;Q1 2015;Q2 2015;Q3 2015;Q4 2015;Q1 2016;Q2 2016;Q3 2016;Q4 2016;Q1 2017;Q2 2017;Q3 2017;Q4 2017;Q1 2018;;
;;;;T1 2000;T2 2000;T3 2000;T4 2000;T1 2001;T2 2001;T3 2001;T4 2001;T1 2002;T2 2002;T3 2002;T4 2002;T1 2003;T2 2003;T3 2003;T4 2003;T1 2004;T2 2004;T3 2004;T4 2004;T1 2005;T2 2005;T3 2005;T4 2005;T1 2006;T2 2006;T3 2006;T4 2006;T1 2007;T2 2007;T3 2007;T4 2007;T1 2008;T2 2008;T3 2008;T4 2008;T1 2009;T2 2009;T3 2009;T4 2009;T1 2010;T2 2010;T3 2010;T4 2010;T1 2011;T2 2011;T3 2011;T4 2011;T1 2012;T2 2012;T3 2012;T4 2012;T1 2013;T2 2013;T3 2013;T4 2013;T1 2014;T2 2014;T3 2014;T4 2014;T1 2015;T2 2015;T3 2015;T4 2015;T1 2016;T2 2016;T3 2016;T4 2016;T1 2017;T2 2017;T3 2017;T4 2017;T1 2018;;
;;;;;;;;;;;;;;;;;;;;;;;;;;;;;;;;;;;;;;;;;;;;;;;;;;;;;;;;;;;;;;;;;;;;;;;;;;;;;;
I. Indicators of networks - raw series;;I. Indicateurs Physiques - Séries brutes;;;;;;;;;;;;;;;;;;;;;;;;;;;;;;;;;;;;;;;;;;;;;;;;;;;;;;;;;;;;;;;;;;;;;;;;;;;;
;;;;;;;;;;;;;;;;;;;;;;;;;;;;;;;;;;;;;;;;;;;;;;;;;;;;;;;;;;;;;;;;;;;;;;;;;;;;;;
;;;;;;;;;;;;;;;;;;;;;;;;;;;;;;;;;;;;;;;;;;;;;;;;;;;;;;;;;;;;;;;;;;;;;;;;;;;;;;
FIXED SERVICES;;RESEAUX FIXES;;;;;;;;;;;;;;;;;;;;;;;;;;;;;;;;;;;;;;;;;;;;;;;;;;;;;;;;;;;;;;;;;;;;;;;;;;;;
;;;;;;;;;;;;;;;;;;;;;;;;;;;;;;;;;;;;;;;;;;;;;;;;;;;;;;;;;;;;;;;;;;;;;;;;;;;;;;
Number of fixed lines;Millions of units;Nombre de lignes fixes;Millions d'unités;34,439;33,870;33,955;33,987;34,015;34,027;33,965;34,074;34,065;34,003;33,929;34,124;34,011;33,906;33,776;33,807;33,871;33,804;33,760;33,972;33,883;33,803;33,777;33,707;33,994;33,851;33,767;34,085;34,110;34,228;34,469;34,517;34,656;34,796;34,829;35,098;35,196;35,219;35,322;35,467;35,152;35,057;35,022;35,404;35,353;35,235;35,309;36,096;35,792;35,776;35,765;36,104;36,423;36,306;36,323;36,424;36,559;36,507;36,591;36,732;36,661;36,561;36,668;36,804;36,752;36,716;36,806;36,861;36,882;36,740;36,707;36,832;36,658;p65;
;;;;;;;;;;;;;;;;;;;;;;;;;;;;;;;;;;;;;;;;;;;;;;;;;;;;;;;;;;;;;;;;;;;;;;;;;;;;;;
Number of unbundled lines;Millions of units;Nombre de lignes dégroupées;Millions d'unités;;;;;;;;;;;;0,007;0,015;0,063;0,132;0,276;0,456;0,721;1,049;1,591;2,033;2,330;2,514;2,827;3,157;3,351;3,513;3,919;4,308;4,547;4,836;5,187;5,521;5,719;6,008;6,332;6,664;6,986;7,325;7,723;8,119;8,400;8,593;8,884;9,231;9,456;9,670;9,942;10,283;10,489;10,686;10,910;11,157;11,244;11,423;11,597;11,823;11,958;12,124;12,265;12,354;12,325;12,394;12,350;12,175;12,121;12,144;12,134;12,105;12,036;11,961;11,852;11,708;t536;
of which fully unbundled lines;Millions of units;         dont dégroupage total;Millions d'unités;;;;;;;;;;;;0,001;0,002;0,003;0,003;0,004;0,006;0,013;0,051;0,095;0,151;0,256;0,361;0,598;0,953;1,243;1,585;2,109;2,555;2,865;3,215;3,624;4,012;4,268;4,574;4,939;5,310;5,664;6,002;6,414;6,827;7,139;7,368;7,690;8,071;8,322;8,577;8,886;9,277;9,513;9,746;10,004;10,287;10,399;10,603;10,805;11,052;11,204;11,391;11,556;11,670;11,660;11,750;11,730;11,580;11,543;11,583;11,594;11,588;11,536;11,481;11,393;11,273;t534;
of which partially unbundled lines;Millions of units;         dont dégroupage partiel;Millions d'unités;;;;;;;;;;;;0,005;0,013;0,060;0,128;0,272;0,450;0,708;0,998;1,496;1,882;2,074;2,153;2,229;2,204;2,108;1,928;1,810;1,754;1,682;1,621;1,563;1,509;1,451;1,434;1,393;1,354;1,322;1,323;1,309;1,292;1,262;1,225;1,194;1,161;1,134;1,093;1,055;1,006;0,976;0,940;0,906;0,871;0,844;0,820;0,793;0,771;0,753;0,733;0,710;0,684;0,665;0,644;0,621;0,595;0,578;0,561;0,540;0,517;0,499;0,480;0,459;0,435;t535;
;;;;;;;;;;;;;;;;;;;;;;;;;;;;;;;;;;;;;;;;;;;;;;;;;;;;;;;;;;;;;;;;;;;;;;;;;;;;;;
Number of public payphones;Millions of units;Nombre de publiphones;Millions d'unités;0,232;0,240;0,238;0,230;0,228;0,226;0,222;0,215;0,213;0,210;0,206;0,202;0,198;0,198;0,195;0,192;0,196;0,189;0,192;0,189;0,188;0,185;0,183;0,180;0,176;0,174;0,172;0,170;0,167;0,164;0,162;0,160;0,158;0,155;0,154;0,152;0,151;0,147;0,147;0,143;0,142;0,140;0,139;0,137;0,135;0,134;0,132;0,129;0,126;0,123;0,120;0,117;0,113;0,108;0,102;0,094;0,087;0,080;0,074;0,069;0,063;0,057;0,053;0,046;0,039;0,031;0,024;0,017;0,012;0,007;0,004;0,003; -;p127;
Number Portability;Millions of units;Conservation du numéro fixe;Millions d'unités;;;;;;;;;;;;;;;;;;;;;;;;;;;;;;;;;;;;;0,724;0,688;0,781;0,736;0,680;0,596;0,590;0,608;0,711;0,558;0,598;0,639;0,737;0,543;0,548;0,686;0,661;0,575;0,640;0,745;0,729;0,615;0,625;0,633;0,620;0,528;0,582;0,573;0,633;0,602;0,616;0,710;0,600;0,540;0,604;0,660;0,670;p79;
;;;;;;;;;;;;;;;;;;;;;;;;;;;;;;;;;;;;;;;;;;;;;;;;;;;;;;;;;;;;;;;;;;;;;;;;;;;;;;
Number of subscriptions to fixed telephony service;Millions of units;Abonnements aux services téléphoniques des lignes fixes;Millions d'unités;34,439;33,870;33,955;33,987;34,015;34,027;33,965;34,074;34,065;34,003;33,929;34,124;34,011;33,906;33,776;33,807;33,871;33,804;33,760;34,541;35,102;35,332;35,664;36,380;37,188;37,388;37,674;38,168;38,700;38,857;39,220;39,632;40,108;40,210;40,269;40,708;40,578;40,828;40,988;41,106;40,659;40,469;40,287;40,616;40,335;40,125;40,113;40,299;40,174;39,943;39,767;39,646;39,942;39,732;39,536;39,523;39,481;39,325;39,321;39,365;39,233;39,039;39,112;39,172;39,100;39,038;39,045;39,050;38,996;38,861;38,735;38,721;38,540;t56;
Subscriptions on narrow band access;Millions of units;Abonnements en bas débit RTC;Millions d'unités;;;;;;;;;34,001;33,943;33,870;34,066;33,953;33,849;33,718;33,747;33,811;33,742;33,696;33,541;33,502;33,314;33,151;32,967;32,821;32,359;31,935;31,349;30,611;29,937;29,229;28,518;27,853;27,308;26,765;26,309;25,684;25,191;24,715;24,098;23,180;22,633;22,063;21,610;20,872;20,323;19,807;19,512;18,900;18,377;17,898;17,374;16,885;16,472;15,990;15,562;15,181;14,796;14,434;14,036;13,611;13,298;12,999;12,678;12,336;12,067;11,791;11,487;11,129;10,852;10,632;10,365;9,874;t59;
of which access resales;Millions of units;dont abonnements issus de la VGAST;Millions d'unités;;;;;;;;;;;;;;;;;;;;;;;;;;0,003;0,006;0,011;0,076;0,447;0,594;0,703;0,762;0,821;0,835;0,853;0,862;0,901;0,972;1,015;1,063;1,086;1,116;1,260;1,324;1,367;1,405;1,668;1,729;1,747;1,764;1,791;1,859;1,624;1,603;1,628;1,682;1,664;1,646;1,631;1,613;1,603;1,594;1,580;1,555;1,550;1,523;1,499;1,456;1,433;1,418;1,405;1,377;t60;
Subscriptions on broadband access;Millions of units;Abonnements à la voix sur large bande;Millions d'unités;;;;;;;;;;;;;;;;;;;;0,931;1,527;1,938;2,407;3,275;4,201;4,839;5,541;6,608;7,868;8,695;9,765;10,888;12,099;12,824;13,512;14,416;14,893;15,637;16,274;17,008;17,479;17,837;18,223;19,005;19,463;19,802;20,306;20,787;21,274;21,566;21,868;22,272;23,057;23,261;23,547;23,961;24,300;24,529;24,887;25,329;25,622;25,741;26,113;26,494;26,764;26,971;27,253;27,563;27,867;28,009;28,103;28,356;28,666;t61;
of which DSL lines without narrowband access;Millions of units;dont abonnements xDSL sans abonnement RTC;Millions d'unités;;;;;;;;;;;;;;;;;;;;;;;;;0,959;1,212;1,520;2,431;3,103;3,869;4,760;5,467;6,204;6,839;7,410;8,096;8,795;9,242;9,787;10,482;11,021;11,439;11,926;12,704;13,332;13,720;14,250;15,152;15,504;15,963;16,412;17,092;17,794;17,999;18,426;18,805;19,209;19,459;19,811;20,169;20,353;20,384;20,586;20,756;20,855;20,868;21,019;21,109;21,227;21,145;21,079;21,077;21,004;t63;
;;;;;;;;;;;;;;;;;;;;;;;;;;;;;;;;;;;;;;;;;;;;;;;;;;;;;;;;;;;;;;;;;;;;;;;;;;;;;;
Low speed internet subscriptions (*);Millions of units;Nombre d'abonnements à Internet bas débit (*);Millions d'unités;4,105;4,281;4,590;5,263;5,668;5,826;5,898;6,385;6,991;7,056;7,425;7,469;7,490;7,338;7,215;7,048;6,660;6,300;5,811;5,407;5,015;4,398;4,095;3,809;3,403;3,096;2,935;2,557;2,270;1,892;1,699;1,508;1,337;1,204;1,105;0,983;0,820;0,677;0,733;0,652;0,598;0,556;0,513;0,483;0,399;0,361;0,343;0,312;0,283;0,267;0,249;0,225;0,202;0,186;0,165;0,155;0,141;0,131;0,122;0,112;;;;;;;;;;;;;;;
(*) Source : AFA until 2002.Access providers : 9 online, AOL France, Club Internet, Free (RTC uniquement), InterPC, NC, Noos, Tiscali France, UPC France, Wanadoo. Are taken into account free access to service and usage billed subcriptions.;;(*) Source : AFA jusqu'en 2002. Chiffres des fournisseurs d'accès suivants : 9 online, AOL France, Club Internet, Free (RTC uniquement), InterPC, NC, Noos, Tiscali France, UPC France, Wanadoo. Sont comptabilisés les comptes d'accès gratuits ou facturés à l'usage.;;;;;;;;;;;;;;;;;;;;;;;;;;;;;;;;;;;;;;;;;;;;;;;;;;;;;;;;;;;;;;;;;;;;;;;;;;;;
;;;;;;;;;;;;;;;;;;;;;;;;;;;;;;;;;;;;;;;;;;;;;;;;;;;;;;;;;;;;;;;;;;;;;;;;;;;;;;
Broadband (<30 Mbit/s);Millions of units;Abonnements à haut débit (<30 Mbit/s);Millions d'unités;;;;;;;;;;;;;;;;;;;;;;;;;;;;;;;;;;;;;;;;;;;;;20,606;20,812;21,094;21,389;21,668;21,873;22,161;22,369;22,534;22,623;22,797;22,877;23,009;23,052;23,157;23,041;22,868;22,700;22,750;22,657;22,574;22,447;22,391;22,231;22,077;21,910;21,720;21,440;21,112;p41;
of wich xDSL (< 30Mbit/s);Millions of units;dont nombre d'abonnements ADSL haut débit (< 30Mbit/s);Millions d'unités;;;;0,068;0,111;0,177;0,257;0,408;0,559;0,695;0,838;1,368;1,921;2,104;2,478;3,172;3,978;4,483;5,062;6,105;6,831;7,369;7,948;8,882;9,870;10,456;11,138;12,019;12,989;13,455;14,090;14,805;15,484;15,872;16,323;16,804;17,394;17,704;18,124;18,586;18,909;19,147;19,456;19,859;20,234;20,435;20,696;20,984;21,262;21,480;21,751;21,981;22,153;22,252;22,402;22,461;22,585;22,628;22,714;22,569;22,393;22,225;22,248;22,146;22,064;21,940;21,878;21,705;21,553;21,376;21,199;20,904;20,581;p42;
of wich other broadband access;Millions of units;dont autres abonnements à haut débit;Millions d'unités;;;;;;;;;;;;;;;;;;;;;;;;;;;;;;;;;;;;;;;;;;;;;0,372;0,377;0,398;0,405;0,406;0,393;0,411;0,389;0,381;0,370;0,395;0,416;0,424;0,424;0,443;0,473;0,475;0,474;0,502;0,510;0,510;0,507;0,513;0,526;0,524;0,533;0,521;0,536;0,531;p43;
Ultra-fast broadband;Millions of units;Abonnements très haut débit;Millions d'unités;;;;;;;;;;;;;;;;;;;;;;;;;;;;;;;;;0,348;0,496;0,575;0,662;0,741;0,815;0,867;0,948;1,005;1,032;1,063;1,125;1,179;1,220;1,272;1,349;1,398;1,441;1,491;1,615;1,718;1,776;1,864;2,067;2,219;2,356;2,497;2,933;3,309;3,577;3,824;4,211;4,510;4,781;5,058;5,448;5,843;6,146;6,511;6,988;7,507;p44;
of which with a flow rate superior to 100 Mbit/s;;Abonnements >= 100 Mbit/s;Millions d'unités;;;;;;;;;;;;;;;;;;;;;;;;;;;;;;;;;;;;;;;;;;;;;;;0,153;0,596;0,663;0,715;0,841;0,944;1,047;1,118;1,206;1,323;1,444;1,542;1,652;1,829;2,004;2,155;2,392;2,629;2,768;2,970;3,181;3,448;3,716;3,972;4,262;4,618;4,971;p45;
of wich fiber;;dont nombre d'abonnements en fibre de bout en bout (BLOM et BLOD);Millions d'unités;;;;;;;;;;;;;;;;;;;;;;;;;;;;;;;;;;;;;;;;;0,077;0,086;0,091;0,107;1,043;0,153;0,172;0,197;0,217;0,246;0,271;0,323;0,379;0,426;0,480;0,559;0,640;0,720;0,801;0,937;1,041;1,158;1,271;1,443;1,603;1,764;1,926;2,164;2,437;2,653;2,917;3,276;3,639;p46;
of wich coaxial cable;Millions of units;dont avec terminaison en câble coaxial;Millions d'unités;;;;;;;;;;;;;;;;;;;;;;;;;;;;;;;;;;;;;;;;;;;;;;;0,424;0,466;0,498;0,529;0,570;0,621;0,668;0,691;0,726;0,764;0,804;0,821;0,851;0,893;0,963;0,997;1,121;1,187;1,165;1,207;1,254;1,284;1,279;1,320;1,345;1,342;1,333;p47;
of which with a flow rate between 30 & 100 Mbit/s;Millions of units;Abonnements ? 30 et <100 Mbit/s (VDSL2 et terminaison en câble coaxial);Millions d'unités;;;;;;;;;;;;;;;;;;;;;;;;;;;;;;;;;;;;;;;;;;;;;;;0,676;0,685;0,685;0,666;0,650;0,670;0,671;0,658;0,657;0,744;0,775;0,814;0,845;1,104;1,305;1,422;1,432;1,582;1,742;1,811;1,877;2,001;2,127;2,174;2,250;2,370;2,536;p48;
;;;;;;;;;;;;;;;;;;;;;;;;;;;;;;;;;;;;;;;;;;;;;;;;;;;;;;;;;;;;;;;;;;;;;;;;;;;;;;
 ; ;;;;;;;;;;;;;;;;;;;;;;;;;;;;;;;;;;;;;;;;;;;;;;;;;;;;;;;;;;;;;;;;;;;;;;;;;;;;;
Broadband and ultra-fast broadband internet subscriptions;Millions of units;Nombre d'abonnements à Internet haut et très haut débit;Millions d'unités;;;;0,196;0,265;0,343;0,430;0,602;0,771;0,932;1,092;1,655;2,237;2,444;2,830;3,569;4,401;4,911;5,498;6,563;7,330;7,893;8,484;9,448;10,475;11,092;11,793;12,695;13,678;14,189;14,812;15,551;16,256;16,728;17,289;17,819;18,487;18,830;19,285;19,852;20,256;20,510;20,864;21,337;21,786;22,032;22,366;22,738;23,066;23,314;23,652;23,984;24,252;24,399;24,661;24,944;25,228;25,407;25,654;25,975;26,177;26,277;26,574;26,868;27,084;27,228;27,449;27,679;27,920;28,056;28,231;28,428;28,620;p49;
;;;;;;;;;;;;;;;;;;;;;;;;;;;;;;;;;;;;;;;;;;;;;;;;;;;;;;;;;;;;;;;;;;;;;;;;;;;;;;
TV subscriptions tied to internet access;Millions of units;Nombre d'accès à la TV couplés à l'accès internet ;Millions d'unités;;;;;;;;;;;;;;;;;;;;;;;;;;;;;;;;;;;;;;;;;;;;;;;;;14,196;14,488;14,880;15,289;15,675;15,850;16,211;16,604;16,865;17,153;17,431;17,781;17,989;18,309;18,566;18,600;18,875;18,902;19,027;19,370;19,607;19,752;19,913;20,126;20,307;p57;
of which subscriptions to TV on DSL;Millions of units;dont nombre d'accès à la TV par xDSL;Millions d'unités;;;;;;;;;;;;;;;;;;;;;;;;;;;;;;;;;;;;;;;;;;;;;;;;;11,124;11,311;11,598;12,002;12,207;12,298;12,567;12,796;12,984;13,176;13,351;13,554;13,635;13,545;13,666;13,803;13,907;13,983;14,069;14,242;14,303;14,286;14,274;14,263;14,211;p58;
;;;;;;;;;;;;;;;;;;;;;;;;;;;;;;;;;;;;;;;;;;;;;;;;;;;;;;;;;;;;;;;;;;;;;;;;;;;;;;
;;;;;;;;;;;;;;;;;;;;;;;;;;;;;;;;;;;;;;;;;;;;;;;;;;;;;;;;;;; ;;;;;;;;;;;;;;;;;;;
All calls from fixed lines (traffic of public payphones and cards included);Millions of minutes;Volumes de téléphonie des lignes fixes (yc publiph. et cartes);Millions de minutes;32 016;32 710;32 524;33 196;31 923;29 670;27 055;29 975;29 553;28 075;25 858;28 050;28 183;26 972;24 942;27 760;27 909;25 828;24 009;26 547;27 573;26 334;23 625;26 923;28 502;26 336;23 864;26 737;27 523;25 936;23 955;28 007;28 846;27 457;24 755;28 045;28 997;27 322;25 535;28 991;30 587;27 977;24 972;29 527;29 869;28 126;25 481;29 255;31 263;28 357;25 727;28 299;28 757;25 932;23 296;25 300;25 071;22 917;20 770;22 913;23 455;20 877;19 212;20 956;;;;;;;;;;;
All calls from fixed lines (traffic of public payphones and cards excluded);Millions of minutes;Communications au départ des postes fixes (hors publiphonie et cartes);Millions de minutes;30 878;31 545;31 196;32 109;30 878;28 643;26 019;29 013;28 719;27 296;25 001;27 322;27 512;26 249;24 175;27 035;27 221;25 120;23 252;25 879;26 876;25 613;22 885;26 126;27 774;25 646;23 154;26 069;26 881;25 374;23 442;27 546;28 426;27 021;24 324;27 671;28 656;26 990;25 187;28 650;30 185;27 582;24 592;29 219;29 591;27 850;25 238;29 047;31 064;28 209;25 560;28 157;28 143;25 484;22 906;24 897;24 609;22 497;20 443;22 545;23 069;20 560;19 013;20 461;20 786;19 197;16 913;18 217;18 608;16 590;15 159;16 517;16 545;t170;
of which local calls;Millions of minutes;dont communications locales;Millions de minutes;20 745;21 702;21 702;21 702;20 070;18 183;15 961;18 327;17 883;16 449;14 795;16 681;16 616;15 394;13 726;15 679;15 970;14 402;12 995;14 754;22 948;21 566;18 944;21 837;23 337;21 252;19 096;21 748;22 421;20 791;19 013;22 625;23 468;22 087;19 585;22 674;23 670;21 898;20 296;23 527;24 874;22 388;19 822;23 861;23 813;21 134;18 189;20 605;22 392;19 759;17 578;19 780;19 859;17 471;15 641;17 147;17 157;15 295;13 707;15 421;15 914;13 699;12 593;13 936;14 125;12 782;11 098;12 260;12 618;11 000;10 018;11 120;11 322;t167;
of which city-to-city calls;Millions of minutes;dont communications interurbaines;Millions de minutes;7 227;6 804;6 508;7 226;7 493;6 965;6 514;7 044;7 171;7 030;6 443;6 827;7 040;6 786;6 426;7 248;7 221;6 714;6 364;7 204;;;;;;;;;;;;;;;;;;;;;;;;;;;;;;;;;;;;;;;;;;;;;;;;;;;;;; ;
of which international calls;Millions of minutes;dont communications internationales;Millions de minutes;1 122;1 153;1 063;1 127;1 166;1 170;1 134;1 130;1 161;1 199;1 198;1 146;1 158;1 206;1 195;1 212;1 110;1 066;1 010;1 029;1 021;1 011;973;1 067;1 151;1 197;1 159;1 316;1 481;1 574;1 567;1 858;1 959;2 003;1 903;2 090;2 154;2 232;2 132;2 257;2 496;2 460;2 134;2 600;2 779;2 742;2 603;2 948;2 908;2 912;2 783;2 889;2 986;2 932;2 650;2 803;2 671;2 529;2 375;2 491;2 511;2 411;2 235;2 221;2 260;2 148;1 935;1 946;1 889;1 733;1 523;1 583;1 481;t168;
of which calls to mobiles;Millions of minutes;dont communications vers les mobiles;Millions de minutes;1 784;1 885;1 924;2 054;2 149;2 326;2 410;2 511;2 503;2 619;2 566;2 669;2 699;2 864;2 827;2 896;2 920;2 938;2 883;2 893;2 907;3 036;2 967;3 221;3 286;3 198;2 899;3 005;2 979;3 009;2 862;3 063;2 999;2 932;2 836;2 907;2 832;2 859;2 759;2 866;2 815;2 735;2 636;2 759;2 998;3 974;4 446;5 494;5 765;5 537;5 199;5 489;5 299;5 081;4 616;4 947;4 782;4 673;4 361;4 633;4 644;4 450;4 185;4 304;4 400;4 266;3 880;4 011;4 101;3 856;3 617;3 814;3 742;t169;
Public payphones and fixed cards Traffics;Millions of minutes;Volumes de communications depuis publiphones et cartes;Millions de minutes;1 139;1 166;1 328;1 088;1 045;1 026;1 035;962;834;779;857;728;671;723;767;725;688;708;757;667;697;720;741;797;728;690;711;669;642;562;513;462;421;436;431;374;341;332;348;341;402;395;380;308;278;276;243;209;198;148;167;142;143;97;58;50;45;40;40;30;54;46;47;45;;;;;;;;;;;
Public payphones Traffic;Millions of minutes;Volumes de communications au départ d'un publiphone;Millions de minutes;617;612;651;530;483;478;528;456;393;409;455;370;333;362;383;306;279;286;297;230;203;221;227;179;154;163;173;138;122;128;133;125;87;89;91;62;59;67;66;51;41;49;56;41;35;30;49;37;26;22;30;15;12;12;12;9;7;7;6;5;;;;;;;;;;;;;;;
Fixed cards traffic;Millions of minutes;Volumes via services de cartes;Millions de minutes;522;553;677;557;562;548;508;506;441;370;402;358;338;361;384;420;409;423;460;437;495;499;514;618;574;527;538;531;520;434;380;337;334;347;340;312;282;265;282;290;361;346;324;267;243;246;194;172;173;127;137;127;131;85;46;42;38;34;34;25;;;;;;;;;;;;;;;
;;;;;;; ;;;;;;;;;;;;;;;;;;;;;;;;;;;;;;;;;;;;; ; ; ; ; ; ; ; ;;;;;;;;;;;;;;;;;;;;;;;;;;;
All calls originating on PSTN/ISDN;Millions of minutes;Communications en RTC au départ des postes fixes;Millions de minutes;30 878;31 545;31 196;32 109;30 878;28 643;26 019;29 013;28 719;27 296;25 001;27 322;27 512;26 249;24 175;27 035;27 139;24 930;22 970;24 948;25 349;23 812;20 984;23 181;23 869;21 259;18 814;20 083;19 650;17 680;15 626;17 056;16 664;15 345;13 642;14 630;14 467;13 641;12 325;13 013;13 352;11 737;10 647;11 637;11 320;10 261;8 648;9 531;9 312;8 261;7 696;8 067;7 541;6 795;6 239;6 533;6 480;5 992;5 527;5 796;5 632;5 117;4 779;4 966;4 897;4 547;4 000;4 148;4 167;3 787;3 435;3 655;3 660;p119;
National calls;Millions of minutes;Communications nationales;Millions de minutes;27 972;28 506;28 210;28 928;27 563;25 148;22 476;25 372;25 054;23 479;21 238;23 508;23 656;22 180;20 152;22 928;;;;;21 510;19 885;17 193;19 095;19 747;17 311;15 258;16 445;16 082;14 161;12 353;13 682;13 446;12 242;10 644;11 601;11 561;10 667;9 614;10 310;10 671;9 206;8 304;9 228;9 017;8 046;6 659;7 288;7 453;6 526;6 022;6 399;6 427;5 716;5 225;5 516;5 465;4 989;4 500;4 834;;;;;;;;;;;;;;;
International calls;Millions of minutes;Communications internationales;Millions de minutes;1 122;1 153;1 063;1 127;1 166;1 170;1 134;1 130;1 161;1 199;1 198;1 146;1 158;1 206;1 195;1 212;;;;;981;962;908;983;978;933;841;868;884;850;783;785;768;716;696;696;670;737;616;572;575;512;451;462;504;428;391;405;366;341;335;334;326;303;290;285;280;266;251;256;;;;;;;;;;;;;;;
Calls to mobiles;Millions of minutes;Communications vers les mobiles;Millions de minutes;1 784;1 885;1 924;2 054;2 149;2 326;2 410;2 511;2 503;2 619;2 566;2 669;2 699;2 864;2 827;2 896;;;;;2 858;2 965;2 883;3 103;3 145;3 015;2 714;2 770;2 684;2 670;2 490;2 589;2 450;2 387;2 302;2 333;2 236;2 237;2 096;2 132;2 106;2 020;1 892;1 947;1 799;1 786;1 599;1 838;1 493;1 394;1 340;1 335;1 363;1 325;1 278;1 327;1 310;1 284;1 222;1 282;;;;;;;;;;;;;;;
;;;;;;;;;;;;;;;;;;;;;;;;;;;;;;;;;;;;;;;;;;;;;;;;;;;;;;;;;;;;;;;;;;;;;;;;;;;;;;
Low-speed Internet traffics;Millions of minutes;Volumes internet bas débit;Millions de minutes;6 004;6 906;7 317;10 639;12 585;13 584;13 049;15 968;17 021;15 825;14 985;18 279;18 971;18 124;16 664;17 313;16 289;13 911;12 192;12 081;10 910;9 983;8 621;8 726;8 033;6 601;5 853;5 434;5 079;4 269;3 354;3 037;2 798;2 582;2 258;2 165;1 722;1 524;1 370;1 300;1 163;1 008;876;810;722;620;533;493;452;354;260;226;171;153;128;114;99;85;72;67;;;;;;;;;;;;;;;
;;;;;;; ;;;;;;;;;;;;;;;;;;;;;;;;;;;;;;;;;;;;;;;;;;;;;;;;;;;;;;;;;;;;;;;;;;;;;;;
All calls originating on voice-over-broadband traffics;Millions of minutes;Communications en VLB au départ des postes fixes;Millions de minutes;;;;;;;;;;;;;;;;;81;190;282;931;1 527;1 802;1 901;2 946;3 905;4 387;4 340;5 986;7 231;7 694;7 815;10 490;11 762;11 676;10 682;13 041;14 189;13 348;12 862;15 637;16 833;15 845;13 945;17 582;18 271;17 589;16 590;19 516;21 752;19 948;17 864;20 091;20 602;18 690;16 668;18 365;18 129;16 504;14 916;16 750;17 437;15 443;14 234;15 495;15 889;14 649;12 912;14 070;14 441;12 802;11 724;12 861;12 884;p120;
National calls;Millions of minutes;Communications nationales;Millions de minutes;;;;;;;;;;;;;;;;;;;;;1 437;1 681;1 751;2 742;3 590;3 941;3 838;5 303;6 339;6 630;6 660;8 944;10 022;9 845;8 941;11 073;12 109;11 231;10 683;13 218;14 202;13 182;11 518;14 633;14 796;13 088;11 530;13 317;14 939;13 233;11 556;13 381;13 841;12 047;10 694;11 916;12 005;10 603;9 419;10 810;;;;;;;;;;;;;;;
International calls;Millions of minutes;Communications internationales;Millions de minutes;;;;;;;;;;;;;;;;;;;;;40;49;66;85;173;263;318;448;597;724;784;1 073;1 191;1 286;1 207;1 394;1 484;1 494;1 516;1 685;1 921;1 948;1 684;2 138;2 275;2 314;2 212;2 543;2 542;2 571;2 458;2 566;2 662;2 631;2 363;2 521;2 422;2 287;2 144;2 254;;;;;;;;;;;;;;;
Calls to mobiles;Millions of minutes;Communications vers les mobiles;Millions de minutes;;;;;;;;;;;;;;;;;;;;;50;72;84;119;141;183;184;235;295;339;371;473;549;545;533;574;597;623;663;734;709;715;744;811;1 199;2 188;2 847;3 656;4 272;4 144;3 851;4 144;3 994;3 813;3 387;3 684;3 543;3 447;3 196;3 415;;;;;;;;;;;;;;;
;;;;;;;;;;;;;;;;;;;;;;;;;;;;;;;;;;;;;;;;;;;;;;;;;;;;;;;;;;;;;;;;;;;;;;;;;;;;;;
;;;;;;;;;;;;;;;;;;;;;;;;;;;;;;;;;;;;;;;;;;;;;;;;;;;;;;;;;;;;;;;;;;;;;;;;;;;;;;
MOBILE SERVICES;;RESEAUX MOBILES;;;;;;;;;;;;;;;;;;;;;;;;;;;;;;;;;;;;;;;;;;;;;;;;;;;;;;;;;;;;;;;;;;;;;;;;;;;;
;;;;;;;;;;;;;;;;;;;;;;;;;;;;;;;;;;;;;;;; ; ;;;;;;;;;;;;;;;;;;;;;;;;;;;;;;;;;;;;;
Number of MtoM cards ;Millions of units;Cartes MtoM;Millions d'unités;;;;;;;;;;;;;;;;;;;;;;;;;;;;;;;;;0,386;0,456;0,512;0,899;0,967;1,129;1,360;1,548;1,768;2,046;2,257;2,626;2,841;3,018;3,153;3,361;3,535;3,914;4,389;4,679;5,316;6,091;6,493;6,890;7,265;7,609;7,922;8,257;8,742;9,192;10,047;10,562;9,740;10,254;10,929;11,737;12,669;13,684;14,272;14,899;15,681;p298;
;;;;;;;;;;;;;;;;;;;;;;;;;;;;;;;;;;;;;;;;;;;;;;;;;;;;;;;;;;;;;;;;;;;;;;;;;;;;;;
Number of SIM cards (MtoM cards excluded);Millions of units;Nombre d'abonnements et forfaits (hors MtoM);Millions d'unités;13,894;14,651;15,316;16,357;16,734;17,265;17,791;18,923;19,333;19,790;20,558;21,485;22,008;22,530;23,387;24,537;25,008;25,584;26,333;27,420;27,871;28,552;29,341;30,515;31,027;31,688;32,510;33,572;34,027;34,572;35,302;36,298;36,456;37,023;37,738;38,346;38,854;39,431;40,123;41,183;41,586;42,152;42,897;43,777;43,968;44,319;44,950;45,650;47,109;48,161;49,049;50,194;51,034;52,047;53,121;54,244;54,951;55,594;56,310;57,158;57,570;57,947;58,654;59,538;59,912;60,251;60,855;61,587;62,161;62,674;63,467;64,328;65,020;T252;
of which residential market;Millions of units;dont marché résidentiel;Millions d'unités;;;;;;;;;;;;;;;;;;;;;;;;;;;;;;;;;;;;;;;;;;;;;;;;;;;;;43,378;44,378;45,434;46,493;47,181;47,791;48,454;49,234;49,561;49,900;50,557;51,378;51,727;52,012;52,561;53,217;53,740;54,201;54,915;55,696;56,324;t253;
of which business market;Millions of units;dont marché entreprises;Millions d'unités;;;;;;;;;;;;;;;;;;;;;;;;;;;;;;;;;;;;;;;;;;;;;;;;;;;;;7,656;7,669;7,687;7,752;7,770;7,803;7,857;7,923;8,009;8,046;8,097;8,160;8,184;8,240;8,294;8,370;8,422;8,473;8,551;8,633;8,696;t254;
Prepaid cards;Millions of units;Nombre de cartes prépayées;Millions d'unités;8,751;9,644;10,883;13,257;14,524;15,926;16,856;18,103;17,990;17,915;17,239;17,108;16,864;16,848;16,739;17,147;16,917;16,660;16,535;17,124;17,061;16,843;16,749;17,583;17,565;17,393;17,316;18,090;18,021;18,012;17,878;19,051;18,901;18,567;18,143;18,734;18,394;18,621;18,179;18,805;18,166;17,867;17,817;18,626;18,665;18,583;18,897;19,557;18,828;18,384;18,472;18,241;17,317;16,636;15,931;15,665;15,299;15,074;15,047;14,518;13,746;13,181;13,092;12,566;11,914;11,675;11,640;11,378;10,878;10,823;10,726;10,261;9,931;t255;
of which active prepaid cards ;Millions of units;dont cartes prépayées actives;Millions d'unités;;;;;;;;16,540;16,989;16,879;16,411;16,416;16,084;16,099;16,107;16,462;16,329;16,027;15,923;16,411;16,340;16,088;15,980;16,714;16,703;16,531;16,385;17,185;16,937;17,026;16,835;17,776;17,556;17,070;16,797;16,999;16,816;16,582;16,592;16,896;16,454;16,201;16,176;16,746;16,568;16,484;16,794;17,304;16,407;15,794;15,530;15,473;14,525;13,800;13,092;12,772;12,031;11,950;11,920;11,427;10,928;10,836;10,959;10,230;9,683;9,462;9,423;9,062;8,366;8,254;8,235;7,724;7,421;t256;
Total number of SIM cards (MtoM cards excluded);Millions of units;Total cartes SIM (hors cartes MtoM) ;Millions d'unités;22,646;24,295;26,199;29,614;31,258;33,192;34,647;37,026;37,323;37,705;37,797;38,593;38,872;39,379;40,125;41,684;41,924;42,244;42,868;44,544;44,932;45,395;46,090;48,098;48,592;49,081;49,826;51,662;52,048;52,584;53,180;55,349;55,357;55,589;55,881;57,080;57,247;58,053;58,301;59,989;59,752;60,019;60,714;62,403;62,633;62,902;63,847;65,207;65,937;66,544;67,520;68,436;68,350;68,683;69,052;69,909;70,251;70,669;71,357;71,675;71,316;71,127;71,746;72,104;71,826;71,927;72,495;72,965;73,039;73,497;74,192;74,589;74,951;t257;
;;;;;;;;;;;;;;;;;;;;;;;;;;;;;;;;;;;;;;;;;;;;;;;;;;;;;;;;;;;;;;;;;;;;;;;;;;;;;;
;;Nombre total de cartes SIM actives (forfaits+prépayées actives);Millions d'unités;;;;;;;;35,463;36,322;36,669;36,969;37,901;38,092;38,629;39,494;40,998;41,337;41,611;42,257;43,831;44,211;44,640;45,320;47,230;47,730;48,219;48,895;50,757;50,964;51,598;52,137;54,074;54,013;54,093;54,534;55,346;55,670;56,014;56,714;58,079;58,039;58,353;59,073;60,523;60,536;60,803;61,744;62,954;63,516;63,955;64,579;65,668;65,559;65,847;66,213;67,016;66,982;67,544;68,230;68,585;68,498;68,783;69,613;69,768;69,594;69,714;70,278;70,649;70,527;70,928;71,702;72,053;72,441;somme;
Total number of SIM cards (MtoM cards included);Millions of units;Nombre total de cartes SIM (y compris cartes MtoM);Millions d'unités;22,646;24,295;26,199;29,614;31,258;33,192;34,647;37,028;37,323;37,705;37,797;38,593;38,872;39,379;40,125;41,684;41,924;42,244;42,868;44,544;44,932;45,395;46,090;48,098;48,592;49,081;49,827;51,662;52,048;52,585;53,179;55,349;55,743;56,045;56,392;57,980;58,214;59,182;59,661;59,989;61,519;62,065;62,971;65,029;65,475;65,920;67,000;68,568;69,472;70,458;71,909;73,115;73,666;74,774;75,546;76,800;77,516;78,278;79,279;79,932;94,825;95,028;94,374;97,484;81,566;82,180;83,424;84,702;85,708;87,181;88,464;89,488;90,632;somme;
;;;;;;;;;;;;;;;;;;;;;;;;;;;;;;;;;;;;;;;;;;;;;;;;;;;;;;;;;;;;;;;;;;;;;;;;;;;;;;
Dedicated data SIM cards contract subscribers;Millions of units;Abonnements et forfaits sur cartes internet exclusives ;Millions d'unités;;;;;;;;;;;;;;;;;;;;;;;;;;;;;;;;;;;;;;;;;;;;;2,464;2,505;2,610;2,698;2,699;2,733;2,740;2,774;2,818;2,911;2,969;2,946;2,981;2,972;2,963;2,928;2,804;2,775;2,806;2,810;2,768;2,771;2,773;2,786;2,775;2,778;2,783;2,758;2,848;t261;
Dedicated data SIM prepaid cards ;Millions of units;Cartes prépayées internet exclusives;Millions d'unités;;;;;;;;;;;;;;;;;;;;;;;;;;;;;;;;;;;;;;;;;;;;;0,330;0,371;0,426;0,462;0,497;0,539;0,619;0,654;0,653;0,671;0,706;0,699;0,710;0,759;0,774;0,814;0,785;0,760;0,771;0,816;0,849;0,904;0,917;0,841;0,840;0,792;0,734;0,682;0,630;t262;
of which dedicated data SIM active prepaid cards ;Millions of units;dont cartes internet exclusives prépayées actives;Millions d'unités;;;;;;;;;;;;;;;;;;;;;;;;;;;;;;;;;;;;;;;;;;;;;;;;;;;;;0,168;0,181;0,240;0,194;0,169;0,191;0,267;0,231;0,223;0,248;0,311;0,283;0,253;0,280;0,337;0,287;0,235;0,235;0,293;0,264;0,251;t263;
Number of dedicated data SIM cards ;Millions of units;Nombre de cartes SIM internet exclusives;Millions d'unités;;;;;;;;;;;;;;;;;;;;;;;;;;;;;;;;;;;;;;;;;;;;;2,795;2,877;3,035;3,160;3,196;3,272;3,359;3,428;3,470;3,582;3,675;3,645;3,691;3,731;3,738;3,742;3,589;3,535;3,577;3,626;3,617;3,674;3,690;3,627;3,615;3,570;3,517;3,439;3,479;t264;
;;;;;;;;;;;;;;;;;;;;;;;;;;;;;;;;;;;;;;;;;;;;;;;;;;;;;;;;;;;;;;;;;;;;;;;;;;;;;;
Active 3G users ;Millions of units;Parc actif 3G ;Millions d'unités;;;;;;;;;;;;;;;;;;;;;;;;;;;2,260;2,859;4,155;4,702;5,260;5,879;6,611;7,583;9,356;11,439;13,419;14,620;15,865;17,444;18,413;19,455;21,388;22,995;24,295;25,009;26,323;27,745;29,588;30,106;31,389;32,802;33,273;34,192;35,061;36,349;38,246;39,460;42,075;42,911;44,488;45,716;47,134;48,734;49,586;50,514;51,418;52,863;53,274;54,268;55,654;56,738;57,288;t269;
Active 4G users ;Millions of units;Parc actif 4G ;Millions d'unités;;;;;;;;;;;;;;;;;;;;;;;;;;;;;;;;;;;;;;;;;;;;;;;;;;;;;;;;;3,722;5,469;7,786;10,969;13,219;15,629;18,424;22,102;24,577;26,704;29,419;31,901;34,048;36,531;38,865;41,626;43,260;t272;
;;;;;;;;;;;;;;;;;;;;;;;;;;;;;;;;;;;;;;;;;;;;;;;;;;;;;;;;;;;;;;;;;;;;;;;;;;;;;;
Post-paid customers not under commitment contract ;Millions of units;Parc libre d'engagement métropole (résidentiel+entreprises);Millions d'unités;;;;;;;;;;;;;;;;;;;;;;;;;;;;;;;;;;;;;;;;;;;;;;;;;;;;;18,279;20,051;21,512;23,521;25,000;26,446;27,463;29,149;30,687;31,867;33,505;35,105;36,126;37,032;38,052;39,628;40,209;41,647;42,931;43,856;44,465;t289;
;Millions of units; dt parc libre d'engagement métropole (résidentiel);Millions d'unités;;;;;;;;;;;;;;;;;;;;;;;;;;;;;;;;;;;;;;;;;;;;;;;;;;;;;16,502;18,201;19,754;21,671;23,157;24,544;25,528;27,004;30,396;31,585;33,225;34,858;35,836;36,739;37,753;39,070;39,910;41,296;42,442;43,164;43,765;t290;
;;;;;;;;;;;;;;;;;;;;;;;;;;;;;;;;;;;;;;;;;;;;;;;;;;;;;;;;;;;;;;;;;;;;;;;;;;;;;;
Amount of numbers ported during the quater;Millions of units;Conservation du numéro mobile durant le trimestre;Millions d'unités;;;;;;;;;;;;;;;;;;;;;0,072;0,066;0,071;0,093;0,103;0,099;0,089;0,139;0,113;0,154;0,258;0,357;0,313;0,301;0,305;0,452;0,426;0,383;0,430;0,563;0,496;0,510;0,570;0,750;0,808;0,734;0,752;1,026;2,647;1,357;1,310;1,849;1,885;1,419;1,333;1,563;1,378;1,207;1,335;1,695;1,392;1,294;1,288;2,042;1,532;1,548;1,480;2,347;1,586;1,825;1,804;2,490;2,170;t287;
;;;;;;;;;;;;;;;;;;;;;;;;;;;;;;;;;;;;;;;; ; ;;;;;;;;;;;;;;;;;;;;;;;;;;;;;;;;;;;;;
Number of mobile subscriptions tied to at least one fixed service;Millions of units;Nombre de cartes SIM couplées aux services fixes;Millions d'unités;;;;;;;;;;;;;;;;;;;;;;;;;;;;;;;;;;;;;;;;;;;;;;;;;;;;;;;;;13,499;14,044;14,540;15,373;16,048;16,549;16,865;17,412;18,645;18,924;19,407;19,898;20,459;20,585;19,647;19,687;19,944;t283;
;;;;;;;;;;;;;;;;;;;;;;;;;;;;;;;;;;;;;;;;;;;;;;;;;;;;;;;;;;;;;;;;;;;;;;;;;;;;;;
Outgoing internationals calls;Millions of minutes;Communications de téléphonie par les clients avec un FORFAIT;Millions de minutes;;;;;;;;;;;;;;;;;;;;;;;;;;;;;;;;;;;;;;;;;;;;;;;;;;;;;;;;;;;;;35 045;35 937;34 680;36 706;37 678;38 960;36 954;38 287;38 962;39 143;37 708;40 387;41 001;p239;
Roaming out ;Millions of minutes;Communications de téléphonie par les clients avec une CARTE PREPAYEE;Millions de minutes;;;;;;;;;;;;;;;;;;;;;;;;;;;;;;;;;;;;;;;;;;;;;;;;;;;;;;;;;;;;;2 632;2 651;2 591;2 583;2 451;2 441;2 387;2 298;2 180;2 130;2 107;2 069;1 963;p240;
Total mobile telephony traffic;Millions of minutes;Communications au départ des mobiles;Millions de minutes;8 252;8 577;8 813;9 805;10 546;10 818;10 989;11 884;12 250;12 616;12 808;14 026;14 726;15 500;15 597;16 998;18 009;18 258;18 552;19 481;19 625;20 358;19 962;21 772;22 669;23 519;23 004;24 901;24 621;25 082;24 064;25 866;25 679;25 967;24 406;25 761;25 556;25 634;24 427;25 587;25 506;25 796;24 975;26 879;26 445;26 762;25 530;26 781;27 914;29 565;29 458;32 591;33 325;34 382;33 711;36 032;36 022;37 065;35 910;37 864;37 677;38 588;37 271;39 289;40 129;41 402;39 341;40 584;41 142;41 273;39 815;42 457;42 964;p241;
Calls to national fixed lines;Millions of minutes;dont communications mobile vers fixe;Millions de minutes;;;;;4 397;4 325;4 315;4 681;4 575;4 515;4 503;4 939;5 123;5 164;5 031;5 575;5 717;5 502;5 356;5 581;5 261;5 129;4 711;5 015;4 984;4 818;4 570;4 809;4 741;4 749;4 525;4 803;4 708;4 719;4 402;4 726;4 586;4 451;4 248;4 467;4 438;4 354;4 177;4 500;4 355;4 332;4 182;4 510;4 767;4 918;4 990;5 572;5 826;5 820;5 791;6 249;6 316;6 310;6 181;6 542;6 661;6 548;6 390;6 744;6 970;6 935;6 514;6 734;7 005;6 752;6 488;6 898;6 766;p228;
Calls to national mobile lines;Millions of minutes;dont communications mobile vers mobile ;Millions de minutes;;;;;5 953;6 287;6 393;6 982;7 438;7 864;7 867;8 794;9 244;9 943;10 078;11 016;11 882;12 296;12 602;13 425;13 912;14 720;14 628;16 227;17 176;18 135;17 725;19 497;19 372;19 825;18 931;20 603;20 558;20 724;19 356;20 565;20 315;20 274;19 239;20 360;20 269;20 584;19 720;21 400;21 108;21 285;20 049;21 016;21 817;23 253;22 967;25 548;25 915;26 787;25 936;27 913;27 822;28 618;27 596;29 371;29 116;30 017;28 682;30 568;31 086;32 170;30 404;31 902;32 281;32 485;30 824;33 365;33 939;p229;
of which calls to mobiles on the same network ;Millions of minutes;dont communications onnet;Millions de minutes;;;;;3 767;3 968;4 003;4 314;4 675;4 918;4 881;5 572;5 838;6 181;6 220;6 876;7 553;7 743;8 024;8 575;9 361;9 920;9 947;11 355;12 244;12 601;12 085;13 441;13 324;13 423;12 681;14 025;14 070;13 902;12 678;13 415;13 113;13 033;12 072;12 841;12 631;12 608;11 891;12 840;12 406;12 263;11 447;11 923;11 711;11 677;11 399;12 454;12 105;12 271;11 348;12 752;12 649;13 107;12 703;13 296;;;;;;;;;;;;;;;
of which calls to other networks;Millions of minutes;dont communications mobile vers mobile tiers;Millions de minutes;;;;;2 186;2 318;2 390;2 668;2 763;2 946;2 986;3 222;3 406;3 762;3 857;4 140;4 330;4 553;4 578;4 850;4 551;4 800;4 682;4 872;4 932;5 534;5 640;6 056;6 048;6 402;6 250;6 578;6 488;6 822;6 678;7 150;7 202;7 241;7 167;7 519;7 637;7 975;7 829;8 561;8 702;9 022;8 602;9 092;10 106;11 576;11 568;13 094;13 811;14 516;14 192;15 160;15 186;15 511;14 945;16 075;;;;;;;;;;;;;;;
Outgoing internationals calls;Millions of minutes;dont communications internationales sortantes;Millions de minutes;;;;;153;157;191;187;191;201;219;205;208;199;221;205;215;238;253;252;231;246;265;256;260;280;308;311;312;327;361;369;363;382;397;395;394;415;495;468;522;522;642;670;701;809;853;955;1 042;1 066;1 069;1 171;1 298;1 441;1 496;1 551;1 577;1 756;1 589;1 576;1 518;1 539;1 501;1 475;1 588;1 694;1 553;1 344;1 270;1 316;1 263;1 293;1 353;p232;
Roaming out ;Millions of minutes;dont roaming out;Millions de minutes;;;;;74;86;156;80;73;84;219;88;151;195;267;202;195;222;340;223;221;262;358;275;249;285;400;283;277;313;435;303;298;350;455;272;261;313;443;293;278;336;437;308;284;336;446;300;287;328;433;301;286;334;488;318;306;383;545;376;383;483;698;503;488;603;869;604;587;720;1 240;901;906;p233;
;;;;;;;;;;;;;;;;;;;;;;;;;;;;;;;;;;;;;;;; ; ;;;;;;;;;;;;;;;;;;;;;;;;;;;;;;;;;;;;;
;;;;;;;;;;;;;;;;;;;;;;;;;;;;;;;;;;;;;;;;;;;;;;;;;;;;;;;;;;;;;;;;;;;;;;;;;;;;;;
of which from contract subscribers;Millions of units;Abonnements et forfaits;Millions d'unités;;;;;;;;;;;;;;;;;;;;;;;;;;;;;;;;;5 419;6 046;6 635;9 103;10 852;11 858;12 786;16 267;19 161;20 721;21 760;27 017;29 747;31 502;31 779;36 723;39 940;41 853;40 424;45 310;46 254;45 173;43 577;46 921;46 836;46 779;45 219;48 212;48 595;48 289;47 523;49 461;48 723;49 687;49 470;47 265;46 453;45 503;43 374;42 892;42 114;p245;
of which from prepaid cards;Millions of units;Cartes prépayées;Millions d'unités;;;;;;;;;;;;;;;;;;;;;;;;;;;;;;;;;1 313;1 633;1 797;2 493;2 629;2 663;2 688;3 102;3 213;3 327;3 391;3 930;3 997;4 022;3 952;4 304;4 387;3 869;3 509;3 726;3 178;2 773;2 698;2 684;2 506;2 400;2 269;2 343;2 189;2 136;2 110;2 180;2 015;1 871;1 871;1 828;1 697;1 597;1 502;1 436;1 358;p246;
Number of interpersonnal SMS;Millions of units;Nombre de SMS émis;Millions d'unités;;;;;669;693;812;1 060;1 357;1 371;1 487;1 662;1 970;1 956;2 055;2 429;2 572;2 455;2 746;3 045;3 177;3 079;3 083;3 373;3 641;3 605;3 679;4 098;4 406;4 367;4 762;5 712;6 732;7 680;8 432;11 596;13 479;14 522;15 472;19 369;22 374;24 048;25 151;30 947;33 744;35 524;35 730;41 028;44 326;45 722;43 933;49 036;49 432;47 946;46 276;49 606;49 343;49 179;47 488;50 554;50 783;50 425;49 633;51 641;50 738;51 558;51 339;49 092;48 151;47 101;44 878;44 329;43 471;p244;
of which in roaming-out;;dont nombre de SMS émis en roaming-out;Millions d'unités;;;;;;;;;;;;;;;;;;;;;;;;;;;;;;;;;;;;;;;;;;;;;;;;;;;;;;;;;;;;;;;;;263;331;610;310;292;391;810;452;414;p398;
Number of interpersonnal MMS ;Millions of units;Nombre de MMS émis;Millions d'unités;;;;;;;;;;;;;;;;;;;;;70;57;55;80;74;68;66;82;73;66;67;76;86;87;95;101;113;111;118;128;137;161;168;199;209;235;274;293;347;391;436;471;549;582;638;656;735;811;833;897;954;996;1 045;1 051;1 049;1 171;1 213;1 165;1 134;1 260;1 307;1 264;1 225;p247;
Number of interpersonnal messages sent;Millions of units;Nombre de messages interpersonnels;Millions d'unités;;;;;669;693;812;1 060;1 357;1 371;1 487;1 662;1 970;1 956;2 055;2 429;2 572;2 455;2 746;3 045;3 247;3 136;3 138;3 453;3 715;3 673;3 745;4 180;4 479;4 433;4 829;5 788;6 818;7 767;8 527;11 697;13 592;14 633;15 590;19 497;22 511;24 209;25 319;31 146;33 954;35 759;36 004;41 321;44 673;46 113;44 369;49 507;49 981;48 528;46 914;50 262;50 078;49 989;48 321;51 450;51 738;51 422;50 678;52 692;51 788;52 729;52 552;50 258;49 284;48 361;46 185;45 592;44 697;p248;
;;;;;;;;;;;;;;;;;;;;;;;;;;;;;;;;;;;;;;;;;;;;;;;;;;;;;;;;;;;;;;;;;;;;;;;;;;;;;;
Outgoing internationals calls;Millions of minutes;Trafic de données consommées par forfait;Tera octets;;;;;;;;;;;;;;;;;;;;;;;;;;;;;;;;;;;;;;;;;;;;;;;;;;;;;;;;;;;;;110 869;128 264;145 211;164 043;193 829;233 482;280 528;331 965;396 891;516 984;625 074;742 419;779 532;p252;
Roaming out ;Millions of minutes;Trafic de données consommées par carte prépayée;Tera octets;;;;;;;;;;;;;;;;;;;;;;;;;;;;;;;;;;;;;;;;;;;;;;;;;;;;;;;;;;;;;1 877;2 047;2 765;2 805;2 708;3 282;4 515;5 447;4 912;6 036;7 426;8 463;8 988;p253;
Traffic of data consumed on mobile networks;Tera octets;Volume de données consommées par carte SIM;Tera octets;;;;;;;;;;;;;;;;;;;;;;;;;;;;;;;;;;;;;;;;;6 135;7 021;7 686;9 429;11 273;13 040;14 785;16 725;19 557;22 002;25 426;28 469;32 177;35 123;40 288;47 566;56 672;66 380;83 702;98 727;112 747;130 311;147 976;166 848;196 536;236 764;285 043;337 412;401 803;523 019;632 461;750 882;788 520;p254;
of which 4G active cards;Tera octets;dont consommées par carte active en 4G;Tera octets;;;;;;;;;;;;;;;;;;;;;;;;;;;;;;;;;;;;;;;;;;;;;;;;;;;;;;;;;;;;;;;;;156 417;193 729;238 278;293 701;359 679;470 315;567 037;687 426;724 191;p256;
of which dedicated data SIM cards;Tera octets;dont consommées par les cartes SIM internet exclusives ;Tera octets;;;;;;;;;;;;;;;;;;;;;;;;;;;;;;;;;;;;;;;;;;;;;2 607;2 722;2 891;2 882;2 908;2 947;3 244;3 313;3 337;3 241;3 685;3 974;4 567;4 874;6 754;7 797;8 175;9 082;10 828;11 042;10 656;11 768;13 641;13 969;12 520;12 747;15 491;18 549;17 945;p255;
of which in roaming-out;Tera octets;dont consommées en roaming-out;Tera octets;;;;;;;;;;;;;;;;;;;;;;;;;;;;;;;;;;;;;;;;;;;;;;;;;;;;;;;;;;;;;;;;;1 241;1 954;5 087;3 001;3 267;5 923;19 888;11 013;11 973;p399;
;;;;;;;;;;;;;;;;;;;;;;;;;;;;;;;;;;;;;;;;;;;;;;;;;;;;;;;;;;;;;;;;;;;;;;;;;;;;;;
SEASONALLY ADJUSTED SERIES;;SERIES CORRIGEES DES VARIATIONS SAISONNIERES;;;;;;;;;;;;;;;;;;;;;;;;;;;;;;;;;;;;;;;;;;;;;;;;;;;;;;;;;;;;;;;;;;;;;;;;;;;;
;;;;;;;;;;;;;;;;;;;;;;;;;;;;;;;;;;;;;;;;;;;;;;;;;;;;;;;;;;;;;;;;;;;;;;;;;;;;;;
;;;;T1 2000;T2 2000;T3 2000;T4 2000;T1 2001;T2 2001;T3 2001;T4 2001;T1 2002;T2 2002;T3 2002;T4 2002;T1 2003;T2 2003;T3 2003;T4 2003;T1 2004;T2 2004;T3 2004;T4 2004;T1 2005;T2 2005;T3 2005;T4 2005;T1 2006;T2 2006;T3 2006;T4 2006;T1 2007;T2 2007;T3 2007;T4 2007;T1 2008;T2 2008;T3 2008;T4 2008;T1 2009;T2 2009;T3 2009;T4 2009;T1 2010;T2 2010;T3 2010;T4 2010;T1 2011;T2 2011;T3 2011;T4 2011;T1 2012;T2 2012;T3 2012;T4 2012;T1 2013;T2 2013;T3 2013;T4 2013;T1 2014;T2 2014;T3 2014;T4 2014;T1 2015;T2 2015;T3 2015;T4 2015;T1 2016;T2 2016;T3 2016;T4 2016;T1 2017;T2 2017;T3 2017;T4 2017;;;
Fixed telephony - seasonally adjusted series;Millions of minutes;Communications au départ d'un poste fixe - valeurs CVS;Millions de minutes;29 394;31 761;33 290;31 281;29 395;28 860;28 114;28 185;27 237;27 512;27 096;26 495;26 031;26 465;26 270;26 208;25 740;25 336;25 347;25 052;25 395;25 829;24 980;25 299;26 292;25 862;25 250;25 241;25 399;25 589;25 538;26 717;26 943;27 236;26 421;26 842;27 172;27 204;27 284;27 820;28 700;27 798;26 690;28 388;28 107;28 066;27 336;28 214;29 579;28 425;27 659;27 325;26 659;25 702;25 006;24 066;23 125;22 714;22 543;21 715;21 738;20 784;20 833;19 885;19 548;19 339;18 589;17 756;;;;;;;
Mobile telephony - seasonally adjusted series;Millions of minutes;Communications au départ des mobiles - valeurs CVS;Millions de minutes;8 157;8 658;9 255;9 726;10 357;10 898;11 275;11 769;12 047;12 645;13 237;13 843;14 488;15 472;16 029;16 760;17 668;18 285;19 046;19 324;19 347;20 203;20 569;21 479;22 333;23 306;23 811;24 538;24 452;24 798;24 944;25 416;25 566;25 694;25 408;25 298;25 388;25 376;25 420;25 192;25 278;25 489;25 922;26 428;26 346;26 436;26 501;26 380;27 508;29 028;30 536;32 082;32 994;33 820;34 897;35 561;35 796;36 400;37 128;37 457;37 535;37 828;38 431;38 899;39 856;40 614;40 734;40 343;;;;;;;
Traffics of interpersonnal messages sent - seasonally adjusted series;Millions of units;Nombre de SMS émis - valeurs CVS;Millions d'unités;;;;;517;654;838;1 088;1 278;1 406;1 525;1 664;1 844;2 008;2 136;2 341;2 500;2 590;2 747;2 928;3 107;3 253;3 256;3 258;3 401;3 651;3 878;4 050;4 197;4 375;4 739;5 358;6 225;7 363;8 459;10 322;12 542;14 508;16 032;17 802;20 420;23 489;26 172;29 095;31 913;34 838;37 303;39 499;42 059;44 808;46 624;48 017;48 389;47 976;48 202;48 499;48 220;48 439;49 729;49 943;49 927;49 848;50 424;51 229;51 502;51 214;51 425;50 468;;;;;;;
;;;;;;;;;;;;;;;;;;;;;;;;;;;;;;;;;;;;;;;;;;;;;;;;;;;;;;;;;;;;;;;;;;;;;;;;;;;;;;
;;;;;;;;;;;;;;;;;;;;;;;;;;;;;;;;;;;;;;;;;;;;;;;;;;;;;;;;;;;;;;;;;;;;;;;;;;;;;;
II. Revenue indicators;;II. Indicateurs de revenus;;;;;;;;;;;;;;;;;;;;;;;;;;;;;;;;;;;;;;;;;;;;;;;;;;;;;;;;;;;;;;;;;;;;;;;;;;;;
;;;;;;;;;;;;;;;;;;;;;;;;;;;;;;;;;;;;;;;;;;;;;;;;;;;;;;;;;;;;;;;;;;;;;;;;;;;;;;
FIXED SERVICES;;RESEAUX FIXES;;;;;;;;;;;;;;;;;;;;;;;;;;;;;;;;;;;;;;;;;;;;;;;;;;;;;;;;;;;;;;;;;;;;;;;;;;;;
;;;;;;;;;;;;;;;;;;;;3 255;;;;;;;;;;;;;;;;;;;;;;; ; ;;;;;;;;;;;;;;;;;;;;;;;;;;;;;;;;;;
;;;;T1 2000;T2 2000;T3 2000;T4 2000;T1 2001;T2 2001;T3 2001;T4 2001;T1 2002;T2 2002;T3 2002;T4 2002;T1 2003;T2 2003;T3 2003;T4 2003;T1 2004;T2 2004;T3 2004;T4 2004;T1 2005;T2 2005;T3 2005;T4 2005;T1 2006;T2 2006;T3 2006;T4 2006;T1 2007;T2 2007;T3 2007;T4 2007;T1 2008;T2 2008;T3 2008;T4 2008;T1 2009;T2 2009;T3 2009;T4 2009;T1 2010;T2 2010;T3 2010;T4 2010;T1 2011;T2 2011;T3 2011;T4 2011;T1 2012;T2 2012;T3 2012;T4 2012;T1 2013;T2 2013;T3 2013;T4 2013;T1 2014;T2 2014;T3 2014;T4 2014;T1 2015;T2 2015;T3 2015;T4 2015;T1 2016;T2 2016;T3 2016;T4 2016;T1 2017;T2 2017;T3 2017;T4 2017;T1 2018;;
Access fees, subscriptions & additional service (PSTN/ISDN);Millions of €;Recettes des frais d'accès, abonnements et services supplémentaires par le RTC;Millions d' € HT;1 280;1 272;1 276;1 323;1 333;1 341;1 335;1 360;1 336;1 341;1 367;1 381;1 383;1 373;1 386;1 364;1 353;1 354;1 366;1 374;1 354;1 430;1 416;1 425;1 419;1 442;1 490;1 500;1 397;1 378;1 420;1 395;1 350;1 310;1 298;1 280;1 248;1 233;1 211;1 189;1 135;1 100;1 074;1 063;1 035;1 004;982;958;925;902;889;846;816;797;800;774;780;763;744;727;707;703;694;674;652;640;629;611;593;582;574;560;544;p101;
All calls from fixed lines revenue on PSTN/ISDN;Millions of €;Recettes Communications au départ des postes fixes RTC;Millions d' € HT;2 302;2 162;2 069;2 088;2 138;2 069;1 977;2 116;2 051;1 991;1 924;1 939;1 903;1 865;1 792;1 825;1 785;1 696;1 598;1 621;1 558;1 482;1 389;1 396;1 347;1 258;1 181;1 194;1 127;1 042;1 017;1 013;943;961;918;921;835;803;736;741;747;700;654;616;589;559;511;511;460;417;397;392;370;344;320;313;299;279;262;255;236;223;215;218;220;208;195;197;188;181;170;169;162;p110;
Public payphones, fixed cards and low-speed internet revenue;Millions of €;Recettes de la publiphonie, des cartes et de l'internet bas débit;Millions d' € HT;;;;;;;;;;;;;;;;;;;;;245;247;240;238;193;179;179;164;139;131;127;99;94;96;91;84;71;65;72;63;67;64;60;49;44;45;41;32;29;25;27;23;20;17;15;12;11;10;10;8;9;8;7;9;11;9;10;7;4;3;1;1;1;p125;
Public payphones revenue;Millions of €;   dont recettes de publiphonie;Millions d' € HT;113;121;153;131;106;119;142;103;96;109;115;105;72;97;89;76;70;70;75;63;46;59;61;54;40;48;44;44;34;36;41;31;26;28;30;24;20;22;21;11;14;12;11;9;9;8;9;7;7;6;6;5;4;4;4;3;;;;;;;;;;;;;;;;;;;
Fixed cards revenue (contract subscriptions and prepaid cards);Millions of €;   dont recettes des cartes d'abonnés et prépayées;Millions d' € HT;77;84;92;95;82;75;74;67;68;56;62;54;52;51;59;55;48;51;60;54;52;57;60;72;54;47;57;50;42;41;41;31;33;37;32;35;30;25;34;36;40;40;38;30;27;29;24;19;16;16;16;13;12;10;8;7;;;;;;;;;;;;;;;;;;;
Low-speed Internet revenue - authorized operators;Millions of €;   dont recettes Internet bas débit - opérateurs autorisés;Millions d' € HT;;;;;229;212;196;218;195;194;179;169;161;148;138;133;126;108;139;128;;;;;;;;;;;;;;;;;;;;;;;;;;;;;;;;;;;;;;;;;;;;;;;;;;;;;;;
Low-speed Internet revenue - internet service providers;Millions of €;   dont recettes Internet bas débit - FAI;Millions d' € HT;;;;;;;;;;;;;;;;;229;204;177;168;147;132;119;112;99;84;78;70;63;54;45;37;35;31;29;25;21;18;17;16;13;12;11;10;9;8;7;6;6;5;5;4;3;3;3;2;;;;;;;;;;;;;;;;;;;
All calls from fixed lines revenue on PSTN/ISDN;Millions of €;Total des revenus des services bas débit;Millions d' € HT;3 772;3 639;3 589;3 637;3 660;3 604;3 529;3 647;3 550;3 497;3 468;3 479;3 409;3 386;3 325;3 319;3 484;3 376;3 276;3 281;3 158;3 159;3 044;3 059;2 959;2 879;2 850;2 858;2 663;2 551;2 564;2 507;2 387;2 367;2 307;2 285;2 154;2 101;2 019;1 993;1 949;1 863;1 788;1 728;1 669;1 608;1 534;1 501;1 414;1 344;1 313;1 261;1 206;1 158;1 135;1 099;1 091;1 051;1 015;990;952;934;915;900;883;857;834;814;784;765;745;730;707;p132;
;;;;;;;;;;;;;;;;;;;;;;;;;;;;;;;;;;;;;;;;;;;;;;;;;;;;;;;;;;;;;;;;;;;;;;;;;;;;;;
Broadband Internet revenue - authorized operators;Millions of €;Recettes Internet haut débit - opérateurs autorisés;Millions d' € HT;;;;;30;41;42;49;60;76;90;96;140;165;171;205;291;307;369;433;;;;;;;;;;;;;;;;;;;;;;;;;;;;;;;;;;;;;;;;;;;;;;;;;;;;;;;
Voice-over-broadband internet revenue;Millions of €;Recettes des accès Internet et téléphonie (haut et très haut débit) ;Millions d' € HT;;;;;;;;;;;;;;;;;370;409;424;472;527;576;599;659;722;754;785;863;949;1 012;1 021;1 086;1 253;1 315;1 347;1 387;1 427;1 460;1 495;1 553;1 675;1 720;1 722;1 769;1 955;1 986;2 068;2 066;2 066;2 058;2 157;2 216;2 170;2 177;2 208;2 234;2 268;2 272;2 274;2 289;2 255;2 280;2 294;2 315;2 326;2 273;2 225;2 130;2 138;2 143;2 175;2 209;2 210;calcul;
Voice-over-broadband traffic revenue (billing beyond the package);Millions of €;Recettes des communications en voix sur large bande (facturées en dehors du forfait);Millions d' € HT;;;;;;;;;;;;;;;;;1;2;4;11;16;22;28;37;40;53;57;72;81;95;106;133;140;145;150;165;166;166;175;184;184;191;188;192;181;170;157;164;164;149;148;151;146;140;134;133;132;126;125;126;125;126;122;116;116;115;113;113;95;96;90;88;84;p111;
"""Other internet services "" revenues";Millions of €;Autres services liés à l'accès à internet;Millions d' € HT;;;;;32;40;33;38;21;19;19;19;19;20;17;20;20;23;19;25;45;50;56;62;62;74;72;94;119;138;119;124;131;141;156;185;168;182;176;206;209;214;213;244;252;257;272;295;295;308;307;340;329;327;328;349;326;338;346;360;374;381;371;380;355;460;548;683;678;663;666;703;679;p135;
Broadband and ultra-fast broadband revenue;Millions of €;Total des revenus des services haut et très haut débit;Millions d' € HT;;;;;62;81;75;87;81;95;108;115;159;185;187;226;681;741;816;941;589;648;683;757;825;882;914;1 029;1 149;1 245;1 246;1 344;1 525;1 600;1 653;1 737;1 761;1 808;1 846;1 944;2 068;2 125;2 123;2 204;2 388;2 413;2 498;2 525;2 525;2 515;2 611;2 707;2 645;2 644;2 669;2 716;2 726;2 736;2 745;2 776;2 755;2 787;2 787;2 811;2 797;2 848;2 886;2 926;2 911;2 902;2 931;3 000;2 973;p133;
;;;;;;;;;;;;;;;;;;;;;;;;;;;;;;;;;;;;;;;;;;;;;;;;;;;;;;;;;;;;;;;;;;;;;;;;;;;;;;
Retail leased lines and data networking;Millions of €;Services de capacité vendus aux entreprises;Millions d' € HT;;;;;;;;;;;;;;;;;;;;;;;;;;;;;;;;;644;630;633;658;636;640;681;681;660;674;676;686;674;680;660;668;633;648;633;631;645;641;620;618;603;607;616;618;610;597;602;617;606;610;608;617;597;595;602;602;587;p136;
;;;;;;;;;;;;;;;;;;;;;;;;;;;;;;;;;;;;;;;;;;;;;;;;;;;;;;;;;;;;;;;;;;;;;;;;;;;;;;
Fixed services revenue;Millions of €;Total des revenus des services fixes;Millions d' € HT;;;;;;;;;;;;;;;;;;;;;;;;;;;;;;;;;4 556;4 596;4 593;4 680;4 550;4 549;4 546;4 618;4 677;4 662;4 587;4 618;4 731;4 701;4 691;4 694;4 573;4 507;4 557;4 598;4 496;4 442;4 425;4 433;4 420;4 394;4 376;4 383;4 317;4 318;4 305;4 329;4 286;4 315;4 328;4 358;4 292;4 262;4 278;4 332;4 268;somme;
;;;;;;;;;;;;;;;;;;;;;;;;;;;;;;;;;;;;;;;;;;;;;;;;;;;;;;;;;;;;;;;;;;;;;;;;;;;;;;
 Value-added services from fixed telephony network ; Millions of € ; Services à valeur ajoutée depuis les boucles locales fixes ; Millions d' € HT ;;;;;360;358;355;369;384;368;349;372;354;337;324;348;323;301;298;305;380;351;340;357;380;325;318;327;318;299;301;317;316;290;266;270;235;227;218;227;213;203;195;196;201;200;188;195;186;179;174;180;160;143;130;136;132;135;122;127;119;117;118;122;125;121;114;116;110;109;102;106;97;p285;
;;;;;;;;;;;;;;;;;;;;;;;;;;;;;;;;;;;;;;;;;;;;;;;;;;;;;;;;;;;;;;;;;;;;;;;;;;;;;;
;;;;;;;;;;;;;;;;;;;;;;;;;;;;;;;;;;;;;;;;;;;;;;;;;;;;;;;;;;;;;;;;;;;;;;;;;;;;;;
MOBILE SERVICES;;RESEAUX MOBILES;;;;;;;;;;;;;;;;;;;;;;;;;;;;;;;;;;;;;;;;;;;;;;;;;;;;;;;;;;;;;;;;;;;;;;;;;;;;
;;;;;;;;;;;;;;;;;;;;;;;;;;;;;;;;;;;;;;;;;;;;;;;;;;;;;;;;;;;;;;;;;;;;;;;;;;;;;;
Total of mobile services revenue (MtoM included) - previous accounting standard;Millions of €;Total Revenus des services mobiles et cartes MtoM (anciennes normes);Millions d' € HT;1 877;1 982;2 133;2 242;2 399;2 568;2 627;2 634;2 738;2 834;3 006;3 074;3 085;3 178;3 392;3 446;3 435;3 571;3 739;3 734;3 848;3 954;4 099;4 069;4 062;4 120;4 324;4 277;4 266;4 372;4 524;4 542;4 510;4 630;4 728;4 678;4 609;4 736;4 843;4 843;4 714;4 839;4 962;4 943;4 754;4 733;4 786;4 675;4 553;4 464;4 368;4 238;4 066;3 958;3 879;3 759;3 645;3 638;3 673;3 594;3 491;3 547;3 607;3 525;3 474;3 487;3 586;3 585;3 498;3 492;3 556;3 579;;calcul;
Total of mobile services revenue (MtoM excluded);Millions of €;Revenus des services mobiles (hors MtoM);Millions d' € HT;1 877;1 982;2 133;2 242;2 399;2 568;2 627;2 634;2 738;2 834;3 006;3 074;3 085;3 178;3 392;3 446;3 435;3 571;3 739;3 734;3 848;3 954;4 099;4 069;4 062;4 120;4 324;4 277;4 266;4 372;4 524;4 542;4 510;4 630;4 728;4 678;4 609;4 736;4 843;4 843;4 714;4 839;4 962;4 943;4 735;4 717;4 766;4 657;4 534;4 443;4 346;4 219;4 042;3 931;3 855;3 731;3 623;3 616;3 652;3 572;3 468;3 523;3 585;3 500;3 449;3 460;3 561;3 558;3 469;3 464;3 526;3 554;;p217;
MtoM cards revenue;Millions of €;dont abonnements et forfaits;Millions d' € HT;;;;;;;;;;;;;;;;;;;;;;;;;;;;;;;;;;;;;;;;;;;;;;;;;;;;;;;;;;;;;3 233;3 288;3 332;3 262;3 244;3 262;3 365;3 361;3 285;3 288;3 343;3 386;;p215;
MtoM cards revenue;Millions of €;dont cartes prépayées;Millions d' € HT;;;;;;;;;;;;;;;;;;;;;;;;;;;;;;;;;;;;;;;;;;;;;;;;;;;;;;;;;;;;;235;236;253;238;206;198;196;197;185;176;182;168;152;p223;
MtoM cards revenue;Millions of €;Revenus des cartes MtoM;Millions d' € HT;;;;;;;;;;;;;;;;;;;;;;;;;;;;;;;;;;;;;;;;;;;;;19;16;19;19;19;21;22;19;24;27;24;28;22;22;22;22;24;24;23;25;24;27;25;27;28;27;31;25;30;p297;
;;;;;;;;;;;;;;;;;;;;;;;;;;;;;;;;;;;;;;;;;;;;;;;;;;;;;;;;;;;;;;;;;;;;;;;;;;;;;;
Total of mobile services revenue (MtoM included)- new accounting standard (IFRS 15);Millions of €;Total Revenus des services mobiles et cartes MtoM (en normes IFRS 15);Millions d' € HT;;;;;;;;;;;;;;;;;;;;;;;;;;;;;;;;;;;;;;;;;;;;;;;;;;;;;;;;;;;;;;;;;;;;;3 184;3 201;3 282;3 306;3 199;calcul;
Total of mobile services revenue (MtoM excluded);Millions of €;Revenus des services mobiles (hors MtoM);Millions d' € HT;;;;;;;;;;;;;;;;;;;;;;;;;;;;;;;;;;;;;;;;;;;;;;;;;;;;;;;;;;;;;;;;;;;;;3 155;3 174;3 251;3 280;3 169;p224;
MtoM cards revenue;Millions of €;dont abonnements et forfaits;Millions d' € HT;;;;;;;;;;;;;;;;;;;;;;;;;;;;;;;;;;;;;;;;;;;;;;;;;;;;;;;;;;;;;;;;;;;;;2 970;2 998;3 069;3 112;3 017;p222;
MtoM cards revenue;Millions of €;dont cartes prépayées;Millions d' € HT;;;;;;;;;;;;;;;;;;;;;;;;;;;;;;;;;;;;;;;;;;;;;;;;;;;;;;;;;;;;;235;236;253;238;206;198;196;197;185;176;182;168;152;p223;
MtoM cards revenue;Millions of €;Revenus des cartes MtoM;Millions d' € HT;;;;;;;;;;;;;;;;;;;;;;;;;;;;;;;;;;;;;;;;;;;;;19;16;19;19;19;21;22;19;24;27;24;28;22;22;22;22;24;24;23;25;24;27;25;27;28;27;31;25;30;p297;
;;;;;;;;;;;;;;;;;;;;;;;;;;;;;;;;;;;;;;;;;;;;;;;;;;;;;;;;;;;;;;;;;;;;;;;;;;;;;;
Value-added services from mobile telephony network;Millions of €;Services à valeur ajoutée depuis les boucles locales mobiles;Millions d' € HT;;;;; 72   ; 85   ; 103   ; 93   ; 92   ; 100   ; 105   ; 113   ; 138   ; 99   ; 103   ; 108   ; 155   ; 154   ; 168   ; 185   ; 259   ; 251   ; 270   ; 279   ; 309   ; 294   ; 301   ; 302   ; 308   ; 312   ; 329   ; 343   ; 328   ; 325   ; 332   ; 325   ; 318   ; 296   ; 309   ; 320   ; 296   ; 290   ; 310   ; 311   ; 301   ; 302   ; 313   ; 324   ; 314   ; 302   ; 289   ; 290   ;277;254;246;238;220;202;209;211;209;201;205;156;172;161;160;155;154;150;155;162;145;p305+306;
;;;;;;;;;;;;;;;;;;;;;;;;;;;;;;;;;;;;;;;;;;;;;;;;;;;;;;;;;;;;;;;;;;;;;;;;;;;;;;
Directory services revenue;Millions of €;Services de renseignements (opérateurs attributaires);Millions d' € HT;;;;;;;;;;;;;;;;;;;;;;;;; 47   ; 37   ; 38   ; 40   ; 38   ; 42   ; 41   ; 41   ; 38   ; 39   ; 42   ; 40   ; 38   ; 40   ; 40   ; 39   ; 34   ; 35   ; 33   ; 32   ; 30   ; 30   ; 32   ; 29   ; 29   ; 30   ; 29   ; 28   ;31;32;33;30;30;31;30;29;27;26;24;25;23;24;29;30;28;25;29;27;16;p307;
;;;;;;;;;;;;;;;;;;;;;;;;;;;;;;;;;;;;;;;;;;;;;;;;;;;;;;;;;;;;;;;;;;;;;;;;;;;;;;
Total revenue of electronic communications services - previous accounting standard ;Millions of €;Total des revenus des services de communications électroniques (anciennes normes comptables);Millions d' € HT;6 263;6 356;6 532;6 629;6 738;6 907;6 885;7 048;7 040;7 088;7 216;7 322;7 306;7 332;7 470;7 580;7 787;7 837;7 930;8 012;8 227;8 358;8 429;8 510;8 573;8 532;8 738;8 826;8 824;8 914;9 128;9 221;9 887;10 035;10 126;10 171;9 943;10 058;10 173;10 268;10 116;10 212;10 376;10 379;10 018;9 965;10 010;9 953;9 654;9 481;9 418;9 334;9 031;8 829;8 713;8 596;8 470;8 424;8 433;8 366;8 177;8 223;8 274;8 171;8 079;8 107;8 216;8 243;8 082;8 037;8 121;8 206; ;somme;
Total revenue of electronic communications services - new accounting standard (IFRS 15);Millions of €;Total des revenus des services de communications électroniques (en normes IFRS 15);Millions d' € HT;;;;;;;;;;;;;;;;;;;;;;;;;;;;;;;;;;;;;;;;;;;;;;;;;;;;;;;;;;;;;;;;;;;;;7 767;7 747;7 846;7 932;7 725;0;
;;ctrl des revenus;;;;;;;;;;;;;;;;;;;;;;;;;;;;;;;;;;;;;;;;;;;;;;;;;;;;;;;;;;;;;;;;;;;;;;0;0;0;0;;t23;
;;;;;;;;;;;;;;;;;;;;;;;;;;;;;;;;;;;;;;;;;;;;;;;;;;;;;;;;;;;;;;;;;;;;;;;;0;0;0;0;0;;
;;;;;;;;;;;;;;;;;;;;;;;;;;;;;;;;;;;;;;;;;;;;;;;;;;;;;;;;;;;;;;;;;;;;;;;;;;;;;;
OTHERS REVENUES;;REVENUS ANNEXES;;;;;;;;;;;;;;;;;;;;;;;;;;;;;;;;;;;;;;;;;;;;;;;;;;;;;;;;;;;;;;;;;;;;;;;;;;;;
;;;;;;;;;;;;;;;;;;;;;;;;;;;;;;;;;;;;;;;;;;;;;;;;;;;;;;;;;;;;;;;;;;;;;;;;;;;;;;
Hosting and call center management services;Millions of €;Hébergement et de gestion de centres d’appels;Millions d' € HT;7;21;16;12;8;11;14;11;12;12;10;11;7;9;14;7;5;7;7;7;7;3;4;5;9;7;7;13;11;9;7;11;11;7;4;3;4;5;4;4;37;41;41;40;40;40;40;43;63;84;60;66;65;67;71;76;76;77;74;78;75;77;77;85;86;84;83;89;87;88;85;85;83;calcul;
Revenue from terminals and equipment (previous accounting standard);Millions of €;Revenus de la vente et location de terminaux (anciennes normes);Millions d' € HT;250;321;379;665;388;533;517;676;372;426;392;790;373;412;521;703;533;472;662;669;542;516;553;737;534;500;544;664;508;607;621;787;617;638;781;924;504;574;601;686;502;537;657;776;553;539;522;700;551;562;554;770;557;502;558;789;574;552;641;813;656;698;739;931;716;699;769;942;733;725;813;1 016;;calcul;
linked to fixed telephony & internet services;Millions of €;dont liés aux activités téléphonie et internet fixes;Millions d' € HT;;;;;228;206;196;216;163;145;147;182;154;143;145;157;182;164;176;170;221;164;166;167;181;175;181;196;173;173;173;184;178;180;182;210;201;182;180;179;178;170;174;188;173;172;167;181;180;176;172;183;176;163;162;167;164;167;165;168;205;214;204;212;210;215;213;233;235;235;240;253;240;calcul;
linked to mobile services;Millions of €;dont liés à l'activité mobile;Millions d' € HT;;;;;160;327;321;460;208;279;243;599;216;265;375;543;350;308;453;455;292;318;349;530;354;326;363;469;335;434;447;603;439;458;599;714;303;392;421;508;324;367;482;588;380;367;355;519;371;386;382;587;381;339;396;622;410;385;476;645;451;484;535;719;506;484;555;709;498;490;573;763;;calcul;
;;;;;;;;;;;;;;;;;;;;;;;;;;;;;;;;;;;;;;;;;;;;;;;;;;;;;;;;;;;;;;;;;;;;;;;;;;;;;;
Revenue from terminals and equipment (new accounting standard IFRS 15));Millions of €;Revenus de la vente et location de terminaux (en nomes IFRS 15);Millions d' € HT;;;;;;;;;;;;;;;;;;;;;;;;;;;;;;;;;;;;;;;;;;;;;;;;;;;;;;;;;;;;;;;;;;;;;955;946;1 081;1 325;1 060;calcul;
linked to fixed telephony & internet services;Millions of €;dont liés aux activités téléphonie et internet fixes;Millions d' € HT;;;;;228;206;196;216;163;145;147;182;154;143;145;157;182;164;176;170;221;164;166;167;181;175;181;196;173;173;173;184;178;180;182;210;201;182;180;179;178;170;174;188;173;172;167;181;180;176;172;183;176;163;162;167;164;167;165;168;205;214;204;212;210;215;213;233;235;235;240;253;240;calcul;
linked to mobile services;Millions of €;dont liés à l'activité mobile (normes IFRS 15);Millions d' € HT;;;;;;;;;;;;;;;;;;;;;;;;;;;;;;;;;;;;;;;;;;;;;;;;;;;;;;;;;;;;;;;;;;;;;720;711;841;1 072;821;calcul;
;;;;;;;;;;;;;;;;;;;;;;;;;;;;;;;;;;;;;;;;;;;;;;;;;;;;;;;;;;;;;;;;;;;;;;;;;;;;;;
Total revenue of electronic communications services (previous accounting standard) ;Millions of €;Total des revenus des opérateurs sur le marché final (anciennes normes comptables);Millions d' € HT;6 521;6 699;6 927;7 307;7 134;7 451;7 417;7 735;7 424;7 525;7 618;8 123;7 686;7 752;8 005;8 290;8 325;8 316;8 598;8 688;8 777;8 877;8 986;9 252;9 116;9 039;9 288;9 503;9 342;9 529;9 756;10 019;10 515;10 679;10 911;11 097;10 451;10 637;10 777;10 959;10 654;10 790;11 073;11 195;10 610;10 545;10 571;10 696;10 268;10 128;10 032;10 170;9 653;9 398;9 342;9 461;9 120;9 052;9 148;9 257;8 908;8 999;9 090;9 187;8 881;8 891;9 067;9 275;8 902;8 850;9 018;9 307;;somme;
Total revenue of electronic communications services (new accounting standard IFRS 15);Millions of €;Total des revenus des opérateurs sur le marché final (en normes IFRS 15);Millions d' € HT;;;;;;;;;;;;;;;;;;;;;;;;;;;;;;;;;;;;;;;;;;;;;;;;;;;;;;;;;;;;;;;;;;;;;8 810;8 781;9 012;9 342;8 869;#VALEUR!;
;;;;;;;;;;;;;;;;;;;;;;;;;;;;;;;;;;;;;;;;;;;;;;;;;;;;;;;;;;;;;;;;;;;;;;;;;;;;;;
Thes figures are updated every quarter. Change can be done on previous quarter (if so they are indicated in italic).;;Les mises à jour  sont effectuées tous les trimestres. Des rectifications peuvent être faites sur l'historique. Elles seront alors mentionnées en italique.;;;;;;;;;;;;;;;;;;;;;;;;;;;;;;;;;;;;;;;;;;;;;;;;;;;;;;;;;;;;;;;;;;;;;;;;;;;;
For more informations on indicators definitions, one could see Arcep market observatory publications and detailled notice.;;Pour une information plus complète sur les définitions utilisées, le lecteur pourra utilement se reporter aux publications de l'Observatoire des marchés et à la notice explicative.;;;;;;;;;;;;;;;;;;;;;;;;;;;;;;;;;;;;;;;;;;;;;;;;;;;;;;;;;;;;;;;;;;;;;;;;;;;;
Link to publications ;;Le lien vers les publications ;;;;;;;;;;;;;;;;;;;;;;;;;;;;;;;;;;;;;;;;;;;;;;;;;;;;;;;;;;;;;;;;;;;;;;;;;;;;
Link to notice;;Le lien vers la notice;;;;;;;;;;;;;;;;;;;;;;;;;;;;;;;;;;;;;;;;;;;;;;;;;;;;;;;;;;;;;;;;;;;;;;;;;;;;
;;;;;;;;;;;;;;;;;;;;;;;;;;;;;;;;;;;;;;;;;;;;;;;;;;;;;;;;;;;;;;;;;;;;;;;;;;;;;;
;;;;;;;;;;;;;;;;;;;;;;;;;;;;;;;;;;;;;;;;;;;;;;;;;;;;;;;;;;;;;;;;;;;;;;;;;;;;;;
;;;;;;;;;;;;;;;;;;;;;;;;;;;;;;;;;;;;;;;;;;;;;;;;;;;;;;;;;;;;;;;;;;;;;;;;;;;;;;
;;;;;;;;;;;;;;;;;;;;;;;;;;;;;;;;;;;;;;;;;;;;;;;;;;;;;;;;;;;;;;;;;;;;;;;;;;;;;;
;;;;;;;;;;;;;;;;;;;;;;;;;;;;;;;;;;;;;;;;;;;;;;;;;;;;;;;;;;;;;;;;;;;;;;;;;;;;;;
;;;;;;;;;;;;;;;;;;;;;;;;;;;;;;;;;;;;;;;;;;;;;;;;;;;;;;;;;;;;;;;;;;;;;;;;;;;;;;
