dgf_resource_id,is_validated,title,description,topic,task,nb_lines,nb_features,target_variable,metric_type,metric_value,best_model,dgf_dataset_id,dgf_dataset_url,dgf_resource_url,automl_url,profile_url,dict_url,etalab_xp_url,external_xp_url,is_analyzed,score,public_interest,target_var_makes_sense,automl_makes_sense,openml_id
123e1c18-37e0-4147-ad65-768320387800,True,Liste des logements propos√©s en Airbnb sur Bordeaux ,"Ce dataset contient un recensement des caract√©ristiques des logements (prix par nuit, nombre de pi√®ces, services disponibles etc.) propos√©s par Airbnb √† Bordeaux.",Logement,Regression,5237,61,PrixNuitee,r2,0.656875,Ensemble,59d30e71b59508043ce9b939,https://www.data.gouv.fr/fr/datasets/liste-des-logements-proposes-en-airbnb-sur-bordeaux/,https://www.data.gouv.fr/fr/datasets/r/123e1c18-37e0-4147-ad65-768320387800,https://etalab-ia.github.io/open_ML/automodels/123e1c18-37e0-4147-ad65-768320387800/README.html,https://etalab-ia.github.io/open_ML/profilings/123e1c18-37e0-4147-ad65-768320387800.html,,https://etalab-ia.github.io/open_ML/notebooks_exp/experiment_airbnb.html,,True,,,,,
aa50b408-49f4-4608-97fd-dd8fb21ef239,True,Donn√©es carroy√©es issues du dispositif sur les revenus localis√©s fiscaux et sociaux,"Ces donn√©es proviennent du dispositif sur les revenus localis√©s sociaux et fiscaux (FiLoSoFi) et contiennent des variables sur la structure par √¢ge des individus, sur les caract√©ristiques des m√©nages et des logements et sur les revenus de l‚Äôann√©e 2015. Ici on se restreint au dataset correspondant √† la France m√©tropolitaine.",D√©mographie/Soci√©t√©,Regression,142921,31,Log_soc,r2,0.946354,Linear Regression,5d8e16106f44410332a79994,https://www.data.gouv.fr/en/datasets/donnees-carroyees-issues-du-dispositif-sur-les-revenus-localises-fiscaux-et-sociaux-filosofi/,https://www.insee.fr/fr/statistiques/fichier/4176281/Filosofi2015_carreaux_niveau_naturel_csv.zip,https://etalab-ia.github.io/open_ML/automodels/aa50b408-49f4-4608-97fd-dd8fb21ef239/README.html,https://etalab-ia.github.io/open_ML/profilings/aa50b408-49f4-4608-97fd-dd8fb21ef239.html,https://www.insee.fr/fr/statistiques/4176281?sommaire=4176305#dictionnaire,https://etalab-ia.github.io/open_ML/notebooks_exp/experiment_donnees_carr.html,,True,,,,,
6ff09b59-84ca-4346-a8d1-3587ed94da15,True,Emissions de CO2 et de polluants des v√©hicules commercialis√©s en France ,"Dans ce dataset, vous trouverez l‚Äôensemble des caract√©ristiques techniques des v√©hicules commercialis√©s en France en 2013, ainsi que les consommations de carburant, les √©missions de CO2 et les √©missions des polluants de l‚Äôair.",Environnement,Regression,44850,26,CO2,r2,0.998739,Default_Xgboost,53ba4c07a3a729219b7bead3,https://www.data.gouv.fr/en/datasets/emissions-de-co2-et-de-polluants-des-vehicules-commercialises-en-france/,https://www.data.gouv.fr/fr/datasets/r/6ff09b59-84ca-4346-a8d1-3587ed94da15,https://etalab-ia.github.io/open_ML/automodels/6ff09b59-84ca-4346-a8d1-3587ed94da15/README.html,https://etalab-ia.github.io/open_ML/profilings/6ff09b59-84ca-4346-a8d1-3587ed94da15.html,https://www.data.gouv.fr/fr/datasets/r/e4ed13fe-a8c3-41fb-b9a6-73f73da6dc2b,https://etalab-ia.github.io/open_ML/notebooks_exp/experiment_emissions.html,,True,,,,,
6af37c98-0933-4ae4-8380-5f63212fb52a,True,Bases de donn√©es annuelles des accidents corporels de la circulation routi√®re - Ann√©es de 2005 √† 2019 ,"Ces datasets r√©pertorient l‚Äôint√©gralit√© des accidents corporels de la circulation intervenus durant une ann√©e pr√©cise en France m√©tropolitaine et dans les DOM-TOM. Ces datasets comprennent des informations de localisation de l‚Äôaccident ainsi que des informations concernant les caract√©ristiques de l‚Äôaccident et son lieu, les v√©hicules impliqu√©s et leurs victimes. Ici nous avons choisi les donn√©es de 2019 et nous avons concat√©n√© les datasets disponibles (caract√©ristique, lieux, v√©hicule, usager) dans un unique dataset.",S√©curit√©,Classification,253488,56,grav,accuracy,0.764817,Ensemble,53698f4ca3a729239d2036df,https://www.data.gouv.fr/en/datasets/bases-de-donnees-annuelles-des-accidents-corporels-de-la-circulation-routiere-annees-de-2005-a-2019/,https://www.data.gouv.fr/fr/datasets/r/e22ba475-45a3-46ac-a0f7-9ca9ed1e283a,https://etalab-ia.github.io/open_ML/automodels/6af37c98-0933-4ae4-8380-5f63212fb52a/README.html,https://etalab-ia.github.io/open_ML/profilings/6af37c98-0933-4ae4-8380-5f63212fb52a.html,https://www.data.gouv.fr/fr/datasets/r/6cade01c-f69d-4779-b0a4-20606069888f,https://etalab-ia.github.io/open_ML/notebooks_exp/experiment_accidents_routiers.html,,True,,,,,
c763b24a-a0fe-4e77-9586-3d5453c631cd,True,AGRIBALYSE - Synth√®se ,AGRIBALYSE est une base de donn√©es de r√©f√©rence des indicateurs d‚Äôimpacts environnementaux des produits agricoles produits en France et des produits alimentaires consomm√©s en France. Dans ce dataset vous trouverez le recensement des caract√©ristiques de plusieurs aliments ainsi que les √©missions de polluants qui leur sont associ√©s.,Alimentation,Regression,2479,27,DQR - Note de qualit√© de la donn√©e (1 excellente ;  5 tr√®s faible),r2,0.710351,Ensemble,5f71f5eafb2c612abdd0e182,https://www.data.gouv.fr/en/datasets/agribalyse-r-detail-par-ingredient/,https://www.data.gouv.fr/fr/datasets/r/c763b24a-a0fe-4e77-9586-3d5453c631cd,https://etalab-ia.github.io/open_ML/automodels/c763b24a-a0fe-4e77-9586-3d5453c631cd/README.html,https://etalab-ia.github.io/open_ML/profilings/c763b24a-a0fe-4e77-9586-3d5453c631cd.html,https://data.ademe.fr/datasets/agribalyse-synthese,https://etalab-ia.github.io/open_ML/notebooks_exp/experiment_agrybalise.html,,True,,,,,
90a98de0-f562-4328-aa16-fe0dd1dca60f,True,Demande de valeurs fonci√®res,"Publi√© et produit par la direction g√©n√©rale des finances publiques, ce dataset permet de conna√Ætre les transactions immobili√®res intervenues au cours des cinq derni√®res ann√©es sur le territoire m√©tropolitain et les DOM-TOM. On se restreint ici aux donn√©es du premier trimetres de 2020.",Logement,Regression,827105,43,valeur fonciere,r2,0.339495,Decision Tree,5c4ae55a634f4117716d5656,https://www.data.gouv.fr/en/datasets/demandes-de-valeurs-foncieres/,https://www.data.gouv.fr/fr/datasets/r/90a98de0-f562-4328-aa16-fe0dd1dca60f,https://github.com/etalab-ia/open_ML/blob/main/docs/automodels/90a98de0-f562-4328-aa16-fe0dd1dca60f/README.md,https://etalab-ia.github.io/open_ML/profilings/90a98de0-f562-4328-aa16-fe0dd1dca60f.html,https://www.data.gouv.fr/fr/datasets/r/d573456c-76eb-4276-b91c-e6b9c89d6656,https://etalab-ia.github.io/open_ML/notebooks_exp/experiment_dvf.html,,True,,,,,
ce203343-6ed9-4fd3-b310-e553ae437f6d,True,Concentration horaire des polluants - Air ambiant - Lig‚ÄôAir - Orl√©ans M√©tropole,"Ce dataset contient les concentrations moyennes horaires des principaux polluants r√©glement√©s dans l‚Äôair sur la r√©gion Centre-Val de Loire: monoxyde d‚Äôazote NO et dioxyde d‚Äôazote NO2, particules en suspension PM10, particules en suspension PM2.5, ozone O3, monoxyde de carbone CO. ",Environnement,Regression,946,18,valeur,r2,0.834802,Ensemble,5f88e49399f1c9d2df7ce924,https://www.data.gouv.fr/en/datasets/concentrations-horaires-de-polluants-dans-lair-ambiant-issues-du-reseau-permanent-de-mesures-automatiques-en-region-centre-val-de-loire-2/,https://www.data.gouv.fr/fr/datasets/r/ce203343-6ed9-4fd3-b310-e553ae437f6d,https://etalab-ia.github.io/open_ML/automodels/AutoML_conc_poll_reg/README.html,https://etalab-ia.github.io/open_ML/profilings/ce203343-6ed9-4fd3-b310-e553ae437f6d.html,,https://etalab-ia.github.io/open_ML/notebooks_exp/experiment_concentration_poll.html,,True,,,,,
ce203343-6ed9-4fd3-b310-e553ae437f6d,True,Concentration horaire des polluants - Air ambiant - Lig‚ÄôAir - Orl√©ans M√©tropole,"Ce dataset contient les concentrations moyennes horaires des principaux polluants r√©glement√©s dans l‚Äôair sur la r√©gion Centre-Val de Loire: monoxyde d‚Äôazote NO et dioxyde d‚Äôazote NO2, particules en suspension PM10, particules en suspension PM2.5, ozone O3, monoxyde de carbone CO. ",Environnement,Classification,946,18,nom_poll,accuracy,0.605714,Ensemble,5f88e49399f1c9d2df7ce924,https://www.data.gouv.fr/en/datasets/concentrations-horaires-de-polluants-dans-lair-ambiant-issues-du-reseau-permanent-de-mesures-automatiques-en-region-centre-val-de-loire-2/,https://www.data.gouv.fr/fr/datasets/r/ce203343-6ed9-4fd3-b310-e553ae437f6d,https://etalab-ia.github.io/open_ML/automodels/AutoML_conc_poll_class/README.html,https://etalab-ia.github.io/open_ML/profilings/ce203343-6ed9-4fd3-b310-e553ae437f6d.html,,https://etalab-ia.github.io/open_ML/notebooks_exp/experiment_concentration_poll.html,,True,,,,,
fff0cc27-977b-40d5-9c11-f7e4e79a0b72,True,R√©sultats des contr√¥les officiels sanitaires : dispositif d‚Äôinformation ¬´ Alim‚Äôconfiance ¬ª,"Ce dataset contient le r√©sultat des contr√¥les officiels en s√©curit√© sanitaire des aliments r√©alis√©s dans tous les √©tablissements de la cha√Æne alimentaire : abattoirs, commerces de d√©tail (m√©tiers de bouche, restaurants, supermarch√©s, march√©s, vente √† la ferme, etc.), restaurants collectifs et √©tablissements agroalimentaires.",Alimentation,Classification,29794,13,Synthese_eval_sanit,accuracy,0.6490019,Ensemble,5593aab9c751df35d8a453ba,https://www.data.gouv.fr/en/datasets/resultats-des-controles-officiels-sanitaires-dispositif-dinformation-alimconfiance/,https://www.data.gouv.fr/fr/datasets/r/fff0cc27-977b-40d5-9c11-f7e4e79a0b72,https://etalab-ia.github.io/open_ML/automodels/fff0cc27-977b-40d5-9c11-f7e4e79a0b72/README.html,https://etalab-ia.github.io/open_ML/profilings/fff0cc27-977b-40d5-9c11-f7e4e79a0b72.html,,https://etalab-ia.github.io/open_ML/notebooks_exp/experiment_alimconfiance.html,,True,,,,,
96f4164d-956d-4c1c-b161-68724eb0ccdc,True,Arbres urbains,"Ce jeu de donn√©es comprend des informations sur la localisation, l‚Äôesp√®ce, les dimensions, les sp√©cificit√©s et l‚Äô√©tat de sant√© du patrimoine arbor√© de la commune de Saint-Germain-en-Laye.",Environnement,Classification,709,57,classification_diagnostic,accuracy,0.901408,Ensemble,602e769382f6b01d4953b641,https://www.data.gouv.fr/fr/datasets/arbres-urbains/,https://www.data.gouv.fr/fr/datasets/r/96f4164d-956d-4c1c-b161-68724eb0ccdc,https://etalab-ia.github.io/open_ML/profilings/96f4164d-956d-4c1c-b161-68724eb0ccdc.html,https://etalab-ia.github.io/open_ML/profilings/96f4164d-956d-4c1c-b161-68724eb0ccdc.html,https://www.data.gouv.fr/fr/datasets/r/feced38e-ca55-43a0-983b-6db0e2632c02,https://etalab-ia.github.io/open_ML/notebooks_exp/experiment_arbres.html,,True,,,,,43014
1923a68d-21b8-457d-9aab-a959350bb9d8,False,Fr√©quentation Cars r√©gionaux et TER des Pays de la Loire,,Undefined,Classification,3415,5,Type de ligne,logloss,0.050686529316699,Ensemble,5b4cd624b595080873d496f9,http://www.data.gouv.fr/fr/datasets/frequentation-cars-regionaux-et-ter-des-pays-de-la-loire/,https://Data.paysdelaloire.fr/explore/dataset/234400034_031-005_frequentation-cars-regionaux-et-ter-rpdl/download?format=csv&timezone=Europe/Berlin&use_labels_for_header=false,https://etalab-ia.github.io/open_ML/automodels/1923a68d-21b8-457d-9aab-a959350bb9d8/automl_type-de-ligne/README.html,https://etalab-ia.github.io/open_ML/profilings/1923a68d-21b8-457d-9aab-a959350bb9d8_pandas_profile.html,,,,False,5.70756843475852,1,1,,
032a199f-a258-4766-8d72-3846ee38a72f,False,R√©seau de collecte des eaux us√©es,,Undefined,Classification,35869,11,ECOUNORM,logloss,0.028557883098497,3_Default_Xgboost,5e32231206e3e708b6320bb0,http://www.data.gouv.fr/fr/datasets/reseau-de-collecte-des-eaux-usees-1/,https://paysdelaloire.opendatasoft.com/explore/dataset/reseau-de-collecte-des-eaux-usees/download?format=csv&timezone=Europe/Berlin&use_labels_for_header=false,https://etalab-ia.github.io/open_ML/automodels/032a199f-a258-4766-8d72-3846ee38a72f/automl_ecounorm/README.html,https://etalab-ia.github.io/open_ML/profilings/032a199f-a258-4766-8d72-3846ee38a72f_pandas_profile.html,,,,False,5.17101725965327,1,1,,
86c8768c-4bdd-4fa7-810a-8e021bf71481,False,Budget Primitif - Angers - 2018,,Undefined,Classification,2095,14,Entit√© financi√®re,logloss,0.017125907982908,Ensemble,5e3223019ce2e7435bf7fb99,http://www.data.gouv.fr/fr/datasets/budget-primitif-angers-2018-1/,https://paysdelaloire.opendatasoft.com/explore/dataset/budget-primitif-angers-2018/download?format=csv&timezone=Europe/Berlin&use_labels_for_header=false,https://etalab-ia.github.io/open_ML/automodels/86c8768c-4bdd-4fa7-810a-8e021bf71481/automl_entite-financiere/README.html,https://etalab-ia.github.io/open_ML/profilings/86c8768c-4bdd-4fa7-810a-8e021bf71481_pandas_profile.html,,,,False,4.87477263853235,1,1,,
795ec436-6cfd-4cd9-a090-dd62f9838653,False,Effectifs des personnels des √©coles du 1er degr√© et des √©tablissements du 2nd degr√© en activit√© dans leur affectation principale,,Undefined,Classification,688792,18,Secteur d'enseignement,logloss,0.095700595786192,3_Default_Xgboost,5889d040a3a72974cbf0d5b4,http://www.data.gouv.fr/fr/datasets/effectifs-des-personnels-des-ecoles-du-1er-degre-et-des-etablissements-du-2nd-degre-en-activite-dans-leur-affectation-principale/,https://data.education.gouv.fr/explore/dataset/fr-en-effectifs-des-personnels-des-ecoles-et-etablissements-du-2nd-degre/download?format=csv&timezone=Europe/Berlin&use_labels_for_header=false,https://etalab-ia.github.io/open_ML/automodels/795ec436-6cfd-4cd9-a090-dd62f9838653/automl_secteur-denseignement/README.html,https://etalab-ia.github.io/open_ML/profilings/795ec436-6cfd-4cd9-a090-dd62f9838653_pandas_profile.html,,,,False,4.84289745941655,1,1,,
595f1dad-edfc-416c-9c28-6b3af4536301,False,Europe - Op√©rations en Pays de la Loire | FEDER - FSE,,Undefined,Classification,587,34,Objectif th√©matique - Libell√©,logloss,0.011951400671436,4_Default_Xgboost,5b4cd62bb595080a07d496c9,http://www.data.gouv.fr/fr/datasets/europe-operations-en-pays-de-la-loire-feder-fse/,https://paysdelaloire.opendatasoft.com/explore/dataset/234400034_024-001_fonds_europeens/download?format=csv&timezone=Europe/Berlin&use_labels_for_header=false,https://etalab-ia.github.io/open_ML/automodels/595f1dad-edfc-416c-9c28-6b3af4536301/automl_objectif-thematique-libelle/README.html,https://etalab-ia.github.io/open_ML/profilings/595f1dad-edfc-416c-9c28-6b3af4536301_pandas_profile.html,,,,False,4.17387673216782,1,1,,
c4be7487-83eb-4d1c-a4aa-604ad43a8cfe,False,Budget 2017 - R√©gion des Pays de la Loire - Cr√©dits de paiement,,Undefined,Classification,396,12,Section,logloss,0.180462566356249,Ensemble,5bbe9ef906e3e76eb65aef6c,http://www.data.gouv.fr/fr/datasets/budget-2017-region-des-pays-de-la-loire-credits-de-paiement-3/,https://paysdelaloire.opendatasoft.com/explore/dataset/234400034_003-002_credits-de-paiement-2017/download?format=csv&timezone=Europe/Berlin&use_labels_for_header=false,https://etalab-ia.github.io/open_ML/automodels/c4be7487-83eb-4d1c-a4aa-604ad43a8cfe/automl_section/README.html,https://etalab-ia.github.io/open_ML/profilings/c4be7487-83eb-4d1c-a4aa-604ad43a8cfe_pandas_profile.html,,,,False,3.93485811065519,1,1,,
5bb5a8b8-6b71-4a9a-8db5-98540e8a51a7,False,Budget Primitif - 2017 - Angers Loire M√©tropole,,Undefined,Classification,1936,13,Mode de gestion,logloss,0.197438246696243,4_Default_Xgboost,5e3221e106e3e70513320bab,http://www.data.gouv.fr/fr/datasets/budget-primitif-2017-angers-loire-metropole-1/,https://paysdelaloire.opendatasoft.com/explore/dataset/budget-primitif-2017-angers-loire-metropole/download?format=csv&timezone=Europe/Berlin&use_labels_for_header=false,https://etalab-ia.github.io/open_ML/automodels/5bb5a8b8-6b71-4a9a-8db5-98540e8a51a7/automl_mode-de-gestion/README.html,https://etalab-ia.github.io/open_ML/profilings/5bb5a8b8-6b71-4a9a-8db5-98540e8a51a7_pandas_profile.html,,,,False,3.64144723864427,1,1,,
ee24992d-055b-4d51-85ae-7acbc4607d8d,False,Qualit√© de l'air - Indice ATMO - Pays de la Loire 2005 √† 2017,,Undefined,Classification,33236,12,INDICE_QUALITE_AIR,logloss,0.023346743538031,3_Default_Xgboost,5b4cdb64b595081059d496d6,http://www.data.gouv.fr/fr/datasets/qualite-de-lair-indice-atmo-pays-de-la-loire-2005-a-2017/,https://paysdelaloire.opendatasoft.com/explore/dataset/234400034_071-001_qualite-de-lair-indice-atmo-pays-de-la-loire-2017/download?format=csv&timezone=Europe/Berlin&use_labels_for_header=false,https://etalab-ia.github.io/open_ML/automodels/ee24992d-055b-4d51-85ae-7acbc4607d8d/automl_indice_qualite_air/README.html,https://etalab-ia.github.io/open_ML/profilings/ee24992d-055b-4d51-85ae-7acbc4607d8d_pandas_profile.html,,,,False,3.53768549884667,1,1,,
e7976a5b-294b-4715-9e46-079e6967850c,False,Localisation des regards de visite des eaux us√©es,,Undefined,Classification,33731,9,MATERIAU,logloss,0.052690210490084,3_Default_Xgboost,5e3221e106e3e70513320baa,http://www.data.gouv.fr/fr/datasets/localisation-des-regards-de-visite-des-eaux-usees-1/,https://paysdelaloire.opendatasoft.com/explore/dataset/localisation-des-regards-de-visite-des-eaux-usees/download?format=csv&timezone=Europe/Berlin&use_labels_for_header=false,https://etalab-ia.github.io/open_ML/automodels/e7976a5b-294b-4715-9e46-079e6967850c/automl_materiau/README.html,https://etalab-ia.github.io/open_ML/profilings/e7976a5b-294b-4715-9e46-079e6967850c_pandas_profile.html,,,,False,3.46652015989754,1,1,,
f054997e-fdc7-4a99-bd58-43d4382c5fdf,False,Qualit√© des eaux en Pays de la Loire - Vend√©e,,Undefined,Classification,120677,53,Support,logloss,1.00000050002909E-06,2_DecisionTree,5e32238fdee7e71547f5c908,http://www.data.gouv.fr/fr/datasets/qualite-des-eaux-en-pays-de-la-loire-vendee/,https://paysdelaloire.opendatasoft.com/explore/dataset/18450301900087_qualite-des-eaux-en-pays-de-la-loire-vendee/download?format=csv&timezone=Europe/Berlin&use_labels_for_header=false,https://etalab-ia.github.io/open_ML/automodels/f054997e-fdc7-4a99-bd58-43d4382c5fdf/automl_support/README.html,https://etalab-ia.github.io/open_ML/profilings/f054997e-fdc7-4a99-bd58-43d4382c5fdf_pandas_profile.html,,,,False,3.26635942714527,1,1,,
663a767d-6942-4972-977c-6b3d7f2e249c,False,Qualit√© des eaux en Pays de la Loire - Maine-et-Loire,,Undefined,Classification,126980,53,Statut r√©sultat,logloss,1.9999999999894E-06,2_DecisionTree,5e32220ddee7e71333f5c8fe,http://www.data.gouv.fr/fr/datasets/qualite-des-eaux-en-pays-de-la-loire-maine-et-loire/,https://paysdelaloire.opendatasoft.com/explore/dataset/18450301900087_qualite-des-eaux-en-pays-de-la-loire-maine-et-loire/download?format=csv&timezone=Europe/Berlin&use_labels_for_header=false,https://etalab-ia.github.io/open_ML/automodels/663a767d-6942-4972-977c-6b3d7f2e249c/automl_statut-resultat/README.html,https://etalab-ia.github.io/open_ML/profilings/663a767d-6942-4972-977c-6b3d7f2e249c_pandas_profile.html,,,,False,3.23465957508853,1,1,,
4e0e0be1-4cc8-42b9-82ec-d95f1a9fd9b6,False,Qualit√© des eaux en Pays de la Loire - Sarthe,,Undefined,Classification,120099,53,M√©thode extraction,logloss,2.99999849989085E-06,2_DecisionTree,5e322391dee7e71547f5c90a,http://www.data.gouv.fr/fr/datasets/qualite-des-eaux-en-pays-de-la-loire-sarthe/,https://paysdelaloire.opendatasoft.com/explore/dataset/18450301900087_qualite-des-eaux-en-pays-de-la-loire-sarthe/download?format=csv&timezone=Europe/Berlin&use_labels_for_header=false,https://etalab-ia.github.io/open_ML/automodels/4e0e0be1-4cc8-42b9-82ec-d95f1a9fd9b6/automl_methode-extraction/README.html,https://etalab-ia.github.io/open_ML/profilings/4e0e0be1-4cc8-42b9-82ec-d95f1a9fd9b6_pandas_profile.html,,,,False,3.18776903305023,1,1,,
3a361ffe-f14c-423f-862a-3741f19ffd83,False,Index des d√©lib√©rations et d√©cisions d'Angers Loire M√©tropole,,Undefined,Classification,19885,12,Type,logloss,0.176032803307415,3_Default_Xgboost,5e3221e6dee7e71333f5c8f0,http://www.data.gouv.fr/fr/datasets/index-des-deliberations-et-decisions-dangers-loire-metropole-1/,https://paysdelaloire.opendatasoft.com/explore/dataset/iindex-des-deliberations-et-decisions-dangers-loire-metropole/download?format=csv&timezone=Europe/Berlin&use_labels_for_header=false,https://etalab-ia.github.io/open_ML/automodels/3a361ffe-f14c-423f-862a-3741f19ffd83/automl_type/README.html,https://etalab-ia.github.io/open_ML/profilings/3a361ffe-f14c-423f-862a-3741f19ffd83_pandas_profile.html,,,,False,3.16312380355557,1,1,,
bdaa5ae3-8a79-474e-af42-a5d76bc76123,False,Qualit√© des eaux en Pays de la Loire - Mayenne,,Undefined,Classification,120539,53,Insitu Analyse,logloss,1.9999999999894E-06,2_DecisionTree,5e32235cdee7e71547f5c8f7,http://www.data.gouv.fr/fr/datasets/qualite-des-eaux-en-pays-de-la-loire-mayenne/,https://paysdelaloire.opendatasoft.com/explore/dataset/18450301900087_qualite-des-eaux-en-pays-de-la-loire-mayenne/download?format=csv&timezone=Europe/Berlin&use_labels_for_header=false,https://etalab-ia.github.io/open_ML/automodels/bdaa5ae3-8a79-474e-af42-a5d76bc76123/automl_insitu-analyse/README.html,https://etalab-ia.github.io/open_ML/profilings/bdaa5ae3-8a79-474e-af42-a5d76bc76123_pandas_profile.html,,,,False,3.14222446654781,1,1,,
c27fb866-7347-418a-a216-09d3c5770bd5,False,Horaires des √©coles √©l√©mentaires et primaires en Pays de la Loire,,Undefined,Classification,2834,35,MULTI_RYTHME,logloss,0.152802150784863,Ensemble,5e32233c06e3e708b6320bb5,http://www.data.gouv.fr/fr/datasets/horaires-des-ecoles-elementaires-et-primaires-en-pays-de-la-loire/,https://paysdelaloire.opendatasoft.com/explore/dataset/234400034_organisation-du-temps-scolaire/download?format=csv&timezone=Europe/Berlin&use_labels_for_header=false,https://etalab-ia.github.io/open_ML/automodels/c27fb866-7347-418a-a216-09d3c5770bd5/automl_multi_rythme/README.html,https://etalab-ia.github.io/open_ML/profilings/c27fb866-7347-418a-a216-09d3c5770bd5_pandas_profile.html,,,,False,3.05558833242353,1,1,,
8730de77-78ef-4980-bfec-0a84623ffaa1,False,( ICPE ) Installations class√©es pour la protection de l'environnement en Pays de la Loire,,Undefined,Classification,22318,22,seveso,logloss,0.012837435049421,Ensemble,5e32225edee7e71341f5c8f0,http://www.data.gouv.fr/fr/datasets/icpe-installations-classees-pour-la-protection-de-lenvironnement-en-pays-de-la-loire-1/,https://paysdelaloire.opendatasoft.com/explore/dataset/234400034_icpe-installations-classees-pour-la-protection-de-lenvironnement-en-pa/download?format=csv&timezone=Europe/Berlin&use_labels_for_header=false,https://etalab-ia.github.io/open_ML/automodels/8730de77-78ef-4980-bfec-0a84623ffaa1/automl_seveso/README.html,https://etalab-ia.github.io/open_ML/profilings/8730de77-78ef-4980-bfec-0a84623ffaa1_pandas_profile.html,,,,False,2.70179754365965,1,1,,
f4167e11-0e43-4bc2-8725-9a0ea9d91eee,False,Budget 2018 - R√©gion des Pays de la Loire - Cr√©dits de paiement,,Undefined,Classification,405,10,Section,logloss,0.587665951121448,Ensemble,5bb6ae089ce2e773dc2456a5,http://www.data.gouv.fr/fr/datasets/budget-2018-region-des-pays-de-la-loire-credits-de-paiement/,https://Data.paysdelaloire.fr/explore/dataset/234400034_003-002_budget-2018-credits-de-paiement-bp/download?format=csv&timezone=Europe/Berlin&use_labels_for_header=false,https://etalab-ia.github.io/open_ML/automodels/f4167e11-0e43-4bc2-8725-9a0ea9d91eee/automl_section/README.html,https://etalab-ia.github.io/open_ML/profilings/f4167e11-0e43-4bc2-8725-9a0ea9d91eee_pandas_profile.html,,,,False,2.65745567488416,1,1,,
1944c70e-b4cd-4690-aa1f-34529e5cd791,False,"Observatoire 2G, 3G, 4G - 2020",,Undefined,Classification,24131,26,generation,logloss,1.9999999999894E-06,2_DecisionTree,5e32224f9ce2e7435bf7fb90,http://www.data.gouv.fr/fr/datasets/observatoire-2g-3g-4g-2020/,https://paysdelaloire.opendatasoft.com/explore/dataset/234400034_observatoire2g-3g-4g-2018/download?format=csv&timezone=Europe/Berlin&use_labels_for_header=false,https://etalab-ia.github.io/open_ML/automodels/1944c70e-b4cd-4690-aa1f-34529e5cd791/automl_generation/README.html,https://etalab-ia.github.io/open_ML/profilings/1944c70e-b4cd-4690-aa1f-34529e5cd791_pandas_profile.html,,,,False,2.64927233252003,1,1,,
e1c7a752-4f8f-4ed9-b063-b6089d71e1eb,False,Qualit√© de l'air - Niveau de Benzene (C6H6) en Pays de la Loire,,Undefined,Classification,13342,21,influence,logloss,1.00000050002909E-06,2_DecisionTree,5e32227a9ce2e7435bf7fb91,http://www.data.gouv.fr/fr/datasets/qualite-de-lair-niveau-de-benzene-c6h6-en-pays-de-la-loire/,https://paysdelaloire.opendatasoft.com/explore/dataset/323-266-205_niveaux_benzene_paysdelaloire/download?format=csv&timezone=Europe/Berlin&use_labels_for_header=false,https://etalab-ia.github.io/open_ML/automodels/e1c7a752-4f8f-4ed9-b063-b6089d71e1eb/automl_influence/README.html,https://etalab-ia.github.io/open_ML/profilings/e1c7a752-4f8f-4ed9-b063-b6089d71e1eb_pandas_profile.html,,,,False,2.62499793281309,1,1,,
edb8cd19-1f69-462a-a060-e943fbf3fbae,False,Qualit√© de l'air - Niveau de dioxyde de soufre (SO2)  en Pays de la Loire,,Undefined,Classification,103219,21,Typologie,logloss,1.9999999999894E-06,2_DecisionTree,5e32239f9ce2e74792f7fb8f,http://www.data.gouv.fr/fr/datasets/qualite-de-lair-niveau-de-dioxyde-de-soufre-so2-en-pays-de-la-loire/,https://paysdelaloire.opendatasoft.com/explore/dataset/qualite-de-lair-niveau-de-dioxyde-de-soufre-so2-en-pays-de-la-loire-copie/download?format=csv&timezone=Europe/Berlin&use_labels_for_header=false,https://etalab-ia.github.io/open_ML/automodels/edb8cd19-1f69-462a-a060-e943fbf3fbae/automl_typologie/README.html,https://etalab-ia.github.io/open_ML/profilings/edb8cd19-1f69-462a-a060-e943fbf3fbae_pandas_profile.html,,,,False,2.62499586563151,1,1,,
63a0ec3d-b12d-492c-a90e-d92947e575da,False,√âtablissements d'enseignement du premier et second degr√©s en Pays de la Loire,,Undefined,Classification,3701,34,Secteur Public/Priv√©,logloss,0.004992355290771,6_Default_RandomForest,5e32225bdee7e71341f5c8ef,http://www.data.gouv.fr/fr/datasets/etablissements-denseignement-du-premier-et-second-degres-en-pays-de-la-loire/,https://paysdelaloire.opendatasoft.com/explore/dataset/234400034_etablissements-premier-et-second-degres-pdl/download?format=csv&timezone=Europe/Berlin&use_labels_for_header=false,https://etalab-ia.github.io/open_ML/automodels/63a0ec3d-b12d-492c-a90e-d92947e575da/automl_secteur-publicprive/README.html,https://etalab-ia.github.io/open_ML/profilings/63a0ec3d-b12d-492c-a90e-d92947e575da_pandas_profile.html,,,,False,2.62327016065146,1,1,,
85c74bf4-dbe3-4106-9a4f-a5c2ce908f83,False,Base SIRENE (Maine-et-Loire),,Undefined,Regression,82814,124,Canton de localisation de l'√©tablissement,rmse,0.019746748642659,3_Default_Xgboost,5e3221ed06e3e70507320baf,http://www.data.gouv.fr/fr/datasets/base-sirene-maine-et-loire-1/,https://paysdelaloire.opendatasoft.com/explore/dataset/base-sirene/download?format=csv&timezone=Europe/Berlin&use_labels_for_header=false,https://etalab-ia.github.io/open_ML/automodels/85c74bf4-dbe3-4106-9a4f-a5c2ce908f83/automl_canton-de-localisation-de-letablissement/README.html,https://etalab-ia.github.io/open_ML/profilings/85c74bf4-dbe3-4106-9a4f-a5c2ce908f83_pandas_profile.html,,,,False,2.04490280086586,1,1,,
a10cf2e2-7379-43bf-a41f-b48fcc432ab3,False,"( SRE ) Eolien terrestre, mats d'√©oliennes en Pays de la Loire",,Undefined,Regression,1100,28,pu_nominal,rmse,0.350636029339945,Ensemble,5e32237706e3e708b6320bb9,http://www.data.gouv.fr/fr/datasets/sre-eolien-terrestre-mats-deoliennes-en-pays-de-la-loire/,https://paysdelaloire.opendatasoft.com/explore/dataset/234400034_eolien-terrestre-mats-deoliennes-en-pays-de-la-loire0/download?format=csv&timezone=Europe/Berlin&use_labels_for_header=false,https://etalab-ia.github.io/open_ML/automodels/a10cf2e2-7379-43bf-a41f-b48fcc432ab3/automl_pu_nominal/README.html,https://etalab-ia.github.io/open_ML/profilings/a10cf2e2-7379-43bf-a41f-b48fcc432ab3_pandas_profile.html,,,,False,1.70801041641462,1,1,,
ae4f71bc-f90a-479e-aea8-07e11a88d39b,False,Borne Incendie,,Undefined,Regression,3439,13,PRESSION,rmse,1.12777122417366,Ensemble,5e3221e706e3e70507320bab,http://www.data.gouv.fr/fr/datasets/borne-incendie-1/,https://paysdelaloire.opendatasoft.com/explore/dataset/borne-incendie-angers-loire-metropole/download?format=csv&timezone=Europe/Berlin&use_labels_for_header=false,https://etalab-ia.github.io/open_ML/automodels/ae4f71bc-f90a-479e-aea8-07e11a88d39b/automl_pression/README.html,https://etalab-ia.github.io/open_ML/profilings/ae4f71bc-f90a-479e-aea8-07e11a88d39b_pandas_profile.html,,,,False,1.33411221208724,1,1,,
12fe6b75-b105-4399-8d05-184f9d1dcccb,False,Offre touristique : h√©bergements locatifs (meubl√©s et chambre d'h√¥tes) touristiques en Pays de la Loire,,Undefined,Regression,10438,51,Nombre chambres,rmse,0.924675361272746,Ensemble,5b4cdb57a3a729797ae1c35e,http://www.data.gouv.fr/fr/datasets/offre-touristique-hebergements-locatifs-meubles-et-chambre-dhotes-touristiques-en-pays-de-la-loire/,https://Data.paysdelaloire.fr/explore/dataset/234400034_070-004_offre-touristique-hebergements-locatifs-rpdl/download?format=csv&timezone=Europe/Berlin&use_labels_for_header=false,https://etalab-ia.github.io/open_ML/automodels/12fe6b75-b105-4399-8d05-184f9d1dcccb/automl_nombre-chambres/README.html,https://etalab-ia.github.io/open_ML/profilings/12fe6b75-b105-4399-8d05-184f9d1dcccb_pandas_profile.html,,,,False,1.10620589466775,1,1,,
9cc9dee5-47e4-4b61-8a54-a5088addea56,False,Offre touristique : h√©bergements locatifs (meubl√©s et chambre d'h√¥tes) touristiques en Pays de la Loire,,Undefined,Regression,10438,51,Nombre chambres,rmse,1.02827437082636,Ensemble,5b4cdb57a3a729797ae1c35e,http://www.data.gouv.fr/fr/datasets/offre-touristique-hebergements-locatifs-meubles-et-chambre-dhotes-touristiques-en-pays-de-la-loire/,https://paysdelaloire.opendatasoft.com/explore/dataset/234400034_070-004_offre-touristique-hebergements-locatifs-rpdl/download?format=csv&timezone=Europe/Berlin&use_labels_for_header=false,https://etalab-ia.github.io/open_ML/automodels/9cc9dee5-47e4-4b61-8a54-a5088addea56/automl_nombre-chambres/README.html,https://etalab-ia.github.io/open_ML/profilings/9cc9dee5-47e4-4b61-8a54-a5088addea56_pandas_profile.html,,,,False,1.06054246235265,1,1,,
1cebb6fe-453a-4fba-8810-97c6c251f92c,False,Qualit√© de l'air mesur√©e dans la station Auber,,Undefined,Regression,64390,8,TEMP,rmse,3.08528539959635,Ensemble,5959371ca3a7291dcf9c82b6,http://www.data.gouv.fr/fr/datasets/qualite-de-lair-mesuree-dans-la-station-auber-2/,http://data.ratp.fr/explore/dataset/qualite-de-lair-mesuree-dans-la-station-auber/download?format=csv&timezone=Europe/Berlin&use_labels_for_header=false,https://etalab-ia.github.io/open_ML/automodels/1cebb6fe-453a-4fba-8810-97c6c251f92c/automl_temp/README.html,https://etalab-ia.github.io/open_ML/profilings/1cebb6fe-453a-4fba-8810-97c6c251f92c_pandas_profile.html,,,,False,0.949139757730307,1,1,,
7714f3bc-dc9c-476b-838a-995edf4a50ea,False,Qualit√© de l'air mesur√©e dans la station Franklin D. Roosevelt,,Undefined,Regression,64391,7,TEMP,rmse,4.00423461968819,Ensemble,563d99bfa3a729734ab81572,http://www.data.gouv.fr/fr/datasets/qualite-de-lair-mesuree-dans-la-station-franklin-d-roosevelt/,http://data.ratp.fr/explore/dataset/qualite-de-lair-mesuree-dans-la-station-franklin-d-roosevelt/download?format=csv&timezone=Europe/Berlin&use_labels_for_header=false,https://etalab-ia.github.io/open_ML/automodels/7714f3bc-dc9c-476b-838a-995edf4a50ea/automl_temp/README.html,https://etalab-ia.github.io/open_ML/profilings/7714f3bc-dc9c-476b-838a-995edf4a50ea_pandas_profile.html,,,,False,0.783445334373865,1,1,,
f4aa343e-6340-4ebe-8a11-831e261e327d,False,Offre touristique : H√¥tels en Pays de la Loire,,Undefined,Regression,746,49,Nombre chambres familiales,rmse,3.12702950437969,Ensemble,5b4cdb5ca3a729797ae1c35f,http://www.data.gouv.fr/fr/datasets/offre-touristique-hotels-en-pays-de-la-loire/,https://paysdelaloire.opendatasoft.com/explore/dataset/234400034_070-006_offre-touristique-hotels-rpdl/download?format=csv&timezone=Europe/Berlin&use_labels_for_header=false,https://etalab-ia.github.io/open_ML/automodels/f4aa343e-6340-4ebe-8a11-831e261e327d/automl_nombre-chambres-familiales/README.html,https://etalab-ia.github.io/open_ML/profilings/f4aa343e-6340-4ebe-8a11-831e261e327d_pandas_profile.html,,,,False,0.650373408383752,1,1,,
e11da471-db45-4ebb-8a58-e733bacbfc10,False,Donn√©es √©CO2mix en Pays de la Loire,,Undefined,Regression,127056,15,Solaire (MW),rmse,4.33133563725277,4_Default_NeuralNetwork,5e3221e7dee7e71333f5c8f1,http://www.data.gouv.fr/fr/datasets/donnees-eco2mix-en-pays-de-la-loire/,https://paysdelaloire.opendatasoft.com/explore/dataset/234400034_donnees-eco2mix-regionales-consolidees-et-definitives-2013-a-2018/download?format=csv&timezone=Europe/Berlin&use_labels_for_header=false,https://etalab-ia.github.io/open_ML/automodels/e11da471-db45-4ebb-8a58-e733bacbfc10/automl_solaire-mw/README.html,https://etalab-ia.github.io/open_ML/profilings/e11da471-db45-4ebb-8a58-e733bacbfc10_pandas_profile.html,,,,False,0.602990583229307,1,1,,
bbdedaeb-4b1e-4c6f-9e27-14db5c6677fc,False,Qualit√© des eaux en Pays de la Loire - Loire-Atlantique,,Undefined,Regression,121079,53,Rendement extraction,rmse,5.49295381476156,3_Default_Xgboost,5e322394dee7e71547f5c90d,http://www.data.gouv.fr/fr/datasets/qualite-des-eaux-en-pays-de-la-loire-loire-atlantique/,https://paysdelaloire.opendatasoft.com/explore/dataset/18450301900087_qualite-des-eaux-en-pays-de-la-loire-loire-atlantique/download?format=csv&timezone=Europe/Berlin&use_labels_for_header=false,https://etalab-ia.github.io/open_ML/automodels/bbdedaeb-4b1e-4c6f-9e27-14db5c6677fc/automl_rendement-extraction/README.html,https://etalab-ia.github.io/open_ML/profilings/bbdedaeb-4b1e-4c6f-9e27-14db5c6677fc_pandas_profile.html,,,,False,0.507065597405395,1,1,,
f335bc1b-921e-48c7-b5e2-35633e29e2e5,False,"Qualit√© de l'air - Niveau de particules fines de diam√®tre inf√©rieur √† 2,5 ¬µm (PM2,5) en Pays de la Loire",,Undefined,Regression,59286,21,Valeur,rmse,6.61026846796788,2_DecisionTree,5e322274dee7e71341f5c8f4,http://www.data.gouv.fr/fr/datasets/qualite-de-lair-niveau-de-particules-fines-de-diametre-inferieur-a-2-5-um-pm2-5-en-pays-de-la-loire/,https://paysdelaloire.opendatasoft.com/explore/dataset/qualite-de-lair-niveau-de-particules-fines-2-5-en-pays-de-la-loire/download?format=csv&timezone=Europe/Berlin&use_labels_for_header=false,https://etalab-ia.github.io/open_ML/automodels/f335bc1b-921e-48c7-b5e2-35633e29e2e5/automl_valeur/README.html,https://etalab-ia.github.io/open_ML/profilings/f335bc1b-921e-48c7-b5e2-35633e29e2e5_pandas_profile.html,,,,False,0.429934132458694,1,1,,
68a9b4de-1951-4bc5-bec2-bfadc57c0f34,False,Qualit√© de l'air mesur√©e dans la station Ch√¢telet,,Undefined,Regression,64427,7,HUMI,rmse,7.82544237836583,Ensemble,563d99bfa3a729734bb81534,http://www.data.gouv.fr/fr/datasets/qualite-de-lair-mesuree-dans-la-station-chatelet/,http://data.ratp.fr/explore/dataset/qualite-de-lair-mesuree-dans-la-station-chatelet/download?format=csv&timezone=Europe/Berlin&use_labels_for_header=false,https://etalab-ia.github.io/open_ML/automodels/68a9b4de-1951-4bc5-bec2-bfadc57c0f34/automl_humi/README.html,https://etalab-ia.github.io/open_ML/profilings/68a9b4de-1951-4bc5-bec2-bfadc57c0f34_pandas_profile.html,,,,False,0.396052398759319,1,1,,
54659bb5-b9f9-466e-af86-9416e51d4aa2,False,Qualit√© de l'air - Niveau de ozone (O3) en Pays de la Loire,,Undefined,Regression,112859,21,Valeur,rmse,25.1370858992326,Ensemble,5e322236dee7e71341f5c8eb,http://www.data.gouv.fr/fr/datasets/qualite-de-lair-niveau-de-ozone-o3-en-pays-de-la-loire/,https://paysdelaloire.opendatasoft.com/explore/dataset/qualite-de-lair-niveau-de-ozone-o3-en-pays-de-la-loire/download?format=csv&timezone=Europe/Berlin&use_labels_for_header=false,https://etalab-ia.github.io/open_ML/automodels/54659bb5-b9f9-466e-af86-9416e51d4aa2/automl_valeur/README.html,https://etalab-ia.github.io/open_ML/profilings/54659bb5-b9f9-466e-af86-9416e51d4aa2_pandas_profile.html,,,,False,0.126533738670514,1,1,,
550bd165-81e1-4fa6-85fb-0bf410054ddf,False,"Equipements sportifs, espaces et sites de pratiques en Pays de la Loire : fiches installations",,Undefined,Regression,9178,35,Nombre de lit,rmse,26.8171162121051,Ensemble,5b4cd385a3a7296e52e1c345,http://www.data.gouv.fr/fr/datasets/equipements-sportifs-espaces-et-sites-de-pratiques-en-pays-de-la-loire-fiches-installations/,https://paysdelaloire.opendatasoft.com/explore/dataset/234400034_004-010_fiches-installations-rpdl/download?format=csv&timezone=Europe/Berlin&use_labels_for_header=false,https://etalab-ia.github.io/open_ML/automodels/550bd165-81e1-4fa6-85fb-0bf410054ddf/automl_nombre-de-lit/README.html,https://etalab-ia.github.io/open_ML/profilings/550bd165-81e1-4fa6-85fb-0bf410054ddf_pandas_profile.html,,,,False,0.1185979471748,1,1,,
60849d37-a292-4890-907a-b9c1adc5ff08,False,Offre touristique : restaurants en Pays de la Loire,,Undefined,Regression,4077,49,Nombre max couverts en terrasse,rmse,26.2085403080412,Ensemble,5b4cd6b5a3a7297210e1c36e,http://www.data.gouv.fr/fr/datasets/offre-touristique-restaurants-en-pays-de-la-loire/,https://paysdelaloire.opendatasoft.com/explore/dataset/234400034_070-008_offre-touristique-restaurants-rpdl/download?format=csv&timezone=Europe/Berlin&use_labels_for_header=false,https://etalab-ia.github.io/open_ML/automodels/60849d37-a292-4890-907a-b9c1adc5ff08/automl_nombre-max-couverts-en-terrasse/README.html,https://etalab-ia.github.io/open_ML/profilings/60849d37-a292-4890-907a-b9c1adc5ff08_pandas_profile.html,,,,False,0.117253620836243,1,1,,
6bc6bbce-474e-4c63-85db-cc344e3ad036,False,Offre touristique : H√¥telleries de plein air (camping) en Pays de la Loire,,Undefined,Regression,656,55,Nombre emplacements nus pour les campings,rmse,34.6155288318078,Ensemble,5b4cdb69b595081059d496d7,http://www.data.gouv.fr/fr/datasets/offre-touristique-hotelleries-de-plein-air-camping-en-pays-de-la-loire/,https://paysdelaloire.opendatasoft.com/explore/dataset/234400034_070-005_offre-touristique-hotelleries-de-plein-air-rpdl/download?format=csv&timezone=Europe/Berlin&use_labels_for_header=false,https://etalab-ia.github.io/open_ML/automodels/6bc6bbce-474e-4c63-85db-cc344e3ad036/automl_nombre-emplacements-nus-pour-les-campings/README.html,https://etalab-ia.github.io/open_ML/profilings/6bc6bbce-474e-4c63-85db-cc344e3ad036_pandas_profile.html,,,,False,0.091359663825971,1,1,,
9f71bd78-6efa-4fbd-be27-f6e7934377a7,False,B√©n√©ficiaires achat v√©los pliants,,Undefined,Regression,281,7,Montant vot√©,rmse,43.0101609018729,Ensemble,5b4cda9eb595080ec8d496e4,http://www.data.gouv.fr/fr/datasets/beneficiaires-achat-velos-pliants/,https://Data.paysdelaloire.fr/explore/dataset/234400034_033-002_achatvelospliants/download?format=csv&timezone=Europe/Berlin&use_labels_for_header=false,https://etalab-ia.github.io/open_ML/automodels/9f71bd78-6efa-4fbd-be27-f6e7934377a7/automl_montant-vote/README.html,https://etalab-ia.github.io/open_ML/profilings/9f71bd78-6efa-4fbd-be27-f6e7934377a7_pandas_profile.html,,,,False,0.075495027994608,1,1,,
7daf499b-f1b5-48e6-9859-8d7c741ff2be,False,Accessibilit√© des arr√™ts de bus RATP,,Undefined,Regression,25608,18,Ligne,rmse,47.9061178172676,3_Default_Xgboost,5959371ca3a7291dd09c8279,http://www.data.gouv.fr/fr/datasets/accessibilite-des-arrets-de-bus-ratp-1/,http://data.ratp.fr/explore/dataset/accessibilite-des-arrets-de-bus-ratp/download?format=csv&timezone=Europe/Berlin&use_labels_for_header=false,https://etalab-ia.github.io/open_ML/automodels/7daf499b-f1b5-48e6-9859-8d7c741ff2be/automl_ligne/README.html,https://etalab-ia.github.io/open_ML/profilings/7daf499b-f1b5-48e6-9859-8d7c741ff2be_pandas_profile.html,,,,False,0.06820118437665,1,1,,
5d6ad9de-c512-4154-8e0d-f970cf1242bb,False,Budget Primitif - 2017 - Ville Angers,,Undefined,Regression,1976,13,Num√©ro sous fonction,rmse,83.2958554634886,4_Default_Xgboost,5e32238906e3e708b6320bba,http://www.data.gouv.fr/fr/datasets/budget-primitif-2017-ville-angers-1/,https://paysdelaloire.opendatasoft.com/explore/dataset/bp-2017-angers/download?format=csv&timezone=Europe/Berlin&use_labels_for_header=false,https://etalab-ia.github.io/open_ML/automodels/5d6ad9de-c512-4154-8e0d-f970cf1242bb/automl_numero-sous-fonction/README.html,https://etalab-ia.github.io/open_ML/profilings/5d6ad9de-c512-4154-8e0d-f970cf1242bb_pandas_profile.html,,,,False,0.039579382436639,1,1,,
34a6baac-673f-4902-b690-8279b10107c3,False,Offre touristique : Aires de camping-car en Pays de la Loire,,Undefined,Regression,495,40,Nombre emplacements pour les campings car,rmse,106.798295054137,Ensemble,5b4cd6b8b595080a07d496e7,http://www.data.gouv.fr/fr/datasets/offre-touristique-aires-de-camping-car-en-pays-de-la-loire/,https://paysdelaloire.opendatasoft.com/explore/dataset/234400034_070-001_offre-touristique-aires-de-camping-car-rpdl/download?format=csv&timezone=Europe/Berlin&use_labels_for_header=false,https://etalab-ia.github.io/open_ML/automodels/34a6baac-673f-4902-b690-8279b10107c3/automl_nombre-emplacements-pour-les-campings-car/README.html,https://etalab-ia.github.io/open_ML/profilings/34a6baac-673f-4902-b690-8279b10107c3_pandas_profile.html,,,,False,0.030530166865654,1,1,,
b931c34e-92f8-4824-9219-435cff55db5c,False,Offre touristique : Aires de camping-car en Pays de la Loire,,Undefined,Regression,495,40,Nombre emplacements pour les campings car,rmse,107.366469336796,Ensemble,5b4cd6b8b595080a07d496e7,http://www.data.gouv.fr/fr/datasets/offre-touristique-aires-de-camping-car-en-pays-de-la-loire/,https://Data.paysdelaloire.fr/explore/dataset/234400034_070-001_offre-touristique-aires-de-camping-car-rpdl/download?format=csv&timezone=Europe/Berlin&use_labels_for_header=false,https://etalab-ia.github.io/open_ML/automodels/b931c34e-92f8-4824-9219-435cff55db5c/automl_nombre-emplacements-pour-les-campings-car/README.html,https://etalab-ia.github.io/open_ML/profilings/b931c34e-92f8-4824-9219-435cff55db5c_pandas_profile.html,,,,False,0.030381339770432,1,1,,
94dc6a92-34a9-401b-abbc-a1ff26e3d3ab,False,Trafic routier sur le r√©seau d√©partemental Costarmoricain,,Undefined,Regression,7045,21,TRAFIC_J00,rmse,120.678903112749,Ensemble,57f4d3d688ee383d105ff490,http://www.data.gouv.fr/fr/datasets/trafic-routier-sur-le-reseau-departemental-costarmoricain/,http://opendata01.mgcloud.fr/data-unpaginated/dataserver/cg22/data/i3luyl75?$inlinecount=allpages&$format=csv,https://etalab-ia.github.io/open_ML/automodels/94dc6a92-34a9-401b-abbc-a1ff26e3d3ab/automl_trafic_j00/README.html,https://etalab-ia.github.io/open_ML/profilings/94dc6a92-34a9-401b-abbc-a1ff26e3d3ab_pandas_profile.html,,,,False,0.027386431124935,1,1,,
ba976287-96ae-49e9-876b-34fc17bf79c2,False,Base Sirene Pays de la Loire v3 √ü,,Undefined,Regression,105009,108,Population de la commune de l'√©tablissement,rmse,239.848959909076,3_Default_Xgboost,5e3221ee9ce2e7433df7fb95,http://www.data.gouv.fr/fr/datasets/base-sirene-pays-de-la-loire-v3-ss/,https://paysdelaloire.opendatasoft.com/explore/dataset/120027016_base-sirene-v3-ss/download?format=csv&timezone=Europe/Berlin&use_labels_for_header=false,https://etalab-ia.github.io/open_ML/automodels/ba976287-96ae-49e9-876b-34fc17bf79c2/automl_population-de-la-commune-de-letablissement/README.html,https://etalab-ia.github.io/open_ML/profilings/ba976287-96ae-49e9-876b-34fc17bf79c2_pandas_profile.html,,,,False,0.013781989319325,1,1,,
041c16dd-ca86-471e-92b7-34a8b6386007,False,Points Adresse üì≠ Angers Loire M√©tropole,,Undefined,Regression,89653,22,X_CC47,rmse,624.505316962593,3_Default_Xgboost,5e322384dee7e71547f5c8ff,http://www.data.gouv.fr/fr/datasets/points-adresse-angers-loire-metropole-1/,https://paysdelaloire.opendatasoft.com/explore/dataset/points-adresse-angers/download?format=csv&timezone=Europe/Berlin&use_labels_for_header=false,https://etalab-ia.github.io/open_ML/automodels/041c16dd-ca86-471e-92b7-34a8b6386007/automl_x_cc47/README.html,https://etalab-ia.github.io/open_ML/profilings/041c16dd-ca86-471e-92b7-34a8b6386007_pandas_profile.html,,,,False,0.005325085656132,1,1,,
529e5ccf-48d4-4139-8aed-2ba114d00967,False,Evolution du nombre de voyageurs par liaison par mois r√©seau lignes Autocars R√©gionaux en Pays de la Loire,,Undefined,Regression,1168,5,Nombre de voyages sur la ligne autocar r√©gionale,rmse,967.522961972954,4_Default_Xgboost,5b4cd374a3a7296e52e1c341,http://www.data.gouv.fr/fr/datasets/evolution-du-nombre-de-voyageurs-par-liaison-par-mois-reseau-lignes-autocars-regionaux-en-pays-de-la-loire/,https://paysdelaloire.opendatasoft.com/explore/dataset/234400034_031-006_evol-nb-voyageurs-par-mois-ligne-autocar-regionaux-pdl/download?format=csv&timezone=Europe/Berlin&use_labels_for_header=false,https://etalab-ia.github.io/open_ML/automodels/529e5ccf-48d4-4139-8aed-2ba114d00967/automl_nombre-de-voyages-sur-la-ligne-autocar-regionale/README.html,https://etalab-ia.github.io/open_ML/profilings/529e5ccf-48d4-4139-8aed-2ba114d00967_pandas_profile.html,,,,False,0.003442377661418,1,1,,
0077b808-bb1b-4419-bb30-3bfed3a2146d,False,Pacte pour la ruralit√© (FRDC - Ecole),,Undefined,Regression,950,18,Population,rmse,1666.39405322185,Ensemble,5e3221f306e3e70513320bba,http://www.data.gouv.fr/fr/datasets/pacte-pour-la-ruralite-frdc-ecole/,https://paysdelaloire.opendatasoft.com/explore/dataset/234400034_pacte-pour-la-ruralite/download?format=csv&timezone=Europe/Berlin&use_labels_for_header=false,https://etalab-ia.github.io/open_ML/automodels/0077b808-bb1b-4419-bb30-3bfed3a2146d/automl_population/README.html,https://etalab-ia.github.io/open_ML/profilings/0077b808-bb1b-4419-bb30-3bfed3a2146d_pandas_profile.html,,,,False,0.001997838363886,1,1,,
64e58e3c-fca2-4721-aa38-7775fe83b6a8,False,Fonds social Lyc√©ens r√©gional des Pays de la Loire 2010 - 2016,,Undefined,Regression,1966,10,Montant Fond Social Lyc√©ens,rmse,2083.81222718903,Ensemble,5b4cd654a3a7297210e1c359,http://www.data.gouv.fr/fr/datasets/fonds-social-lyceens-regional-des-pays-de-la-loire-2010-2016/,https://Data.paysdelaloire.fr/explore/dataset/234400034_012-007_dotation-du-fonds-social-lyceens-regional-rpdl/download?format=csv&timezone=Europe/Berlin&use_labels_for_header=false,https://etalab-ia.github.io/open_ML/automodels/64e58e3c-fca2-4721-aa38-7775fe83b6a8/automl_montant-fond-social-lyceens/README.html,https://etalab-ia.github.io/open_ML/profilings/64e58e3c-fca2-4721-aa38-7775fe83b6a8_pandas_profile.html,,,,False,0.00159855575435,1,1,,
d0d9c417-4c92-4da5-a411-ba766ffb5095,False,Accessibilit√© des gares et stations de M√©tro et RER RATP,,Undefined,Regression,2337,15,Y,rmse,4525.98983858674,Ensemble,5959371da3a7291dcf9c82b8,http://www.data.gouv.fr/fr/datasets/accessibilite-des-gares-et-stations-de-metro-et-rer-ratp-1/,http://data.ratp.fr/explore/dataset/accessibilite-des-gares-et-stations-metro-et-rer-ratp/download?format=csv&timezone=Europe/Berlin&use_labels_for_header=false,https://etalab-ia.github.io/open_ML/automodels/d0d9c417-4c92-4da5-a411-ba766ffb5095/automl_y/README.html,https://etalab-ia.github.io/open_ML/profilings/d0d9c417-4c92-4da5-a411-ba766ffb5095_pandas_profile.html,,,,False,0.000736108734773,1,1,,
e788a1f5-d985-4daf-b98b-8fd4101411e9,False,Evolution de la population des Pays de la Loire de 1876 √† 2017,,Undefined,Regression,1238,36,Population 2013,rmse,8791.28712459667,4_Default_Xgboost,5e3221e8dee7e71333f5c8f2,http://www.data.gouv.fr/fr/datasets/evolution-de-la-population-des-pays-de-la-loire-de-1876-a-2017/,https://paysdelaloire.opendatasoft.com/explore/dataset/12002701600563_evolution-de-la-population-des-pays-de-la-loire-de-1876-a-2017/download?format=csv&timezone=Europe/Berlin&use_labels_for_header=false,https://etalab-ia.github.io/open_ML/automodels/e788a1f5-d985-4daf-b98b-8fd4101411e9/automl_population-2013/README.html,https://etalab-ia.github.io/open_ML/profilings/e788a1f5-d985-4daf-b98b-8fd4101411e9_pandas_profile.html,,,,False,0.000379152106785,1,1,,
